,words,word length,# unique characters,# non-unique characters,contains repeat characters?,# vowels,# consonants
0,and,3,3,0,False,1,2
1,have,4,4,0,False,2,2
2,that,4,3,1,True,1,3
3,for,3,3,0,False,1,2
4,you,3,3,0,False,2,1
5,with,4,4,0,False,1,3
6,say,3,3,0,False,1,2
7,this,4,4,0,False,1,3
8,they,4,4,0,False,1,3
9,but,3,3,0,False,1,2
10,his,3,3,0,False,1,2
11,from,4,4,0,False,1,3
12,not,3,3,0,False,1,2
13,she,3,3,0,False,1,2
14,as,2,2,0,False,1,1
15,what,4,4,0,False,1,3
16,their,5,5,0,False,2,3
17,can,3,3,0,False,1,2
18,who,3,3,0,False,1,2
19,get,3,3,0,False,1,2
20,would,5,5,0,False,2,3
21,her,3,3,0,False,1,2
22,all,3,2,1,True,1,2
23,make,4,4,0,False,2,2
24,about,5,5,0,False,3,2
25,know,4,4,0,False,1,3
26,will,4,3,1,True,1,3
27,one,3,3,0,False,2,1
28,time,4,4,0,False,2,2
29,there,5,4,1,True,2,3
30,year,4,4,0,False,2,2
31,think,5,5,0,False,1,4
32,when,4,4,0,False,1,3
33,which,5,4,1,True,1,4
34,them,4,4,0,False,1,3
35,some,4,4,0,False,2,2
36,people,6,4,2,True,3,3
37,take,4,4,0,False,2,2
38,out,3,3,0,False,2,1
39,into,4,4,0,False,2,2
40,just,4,4,0,False,1,3
41,see,3,2,1,True,2,1
42,him,3,3,0,False,1,2
43,your,4,4,0,False,2,2
44,come,4,4,0,False,2,2
45,could,5,5,0,False,2,3
46,now,3,3,0,False,1,2
47,than,4,4,0,False,1,3
48,like,4,4,0,False,2,2
49,other,5,5,0,False,2,3
50,how,3,3,0,False,1,2
51,then,4,4,0,False,1,3
52,its,3,3,0,False,1,2
53,our,3,3,0,False,2,1
54,two,3,3,0,False,1,2
55,more,4,4,0,False,2,2
56,these,5,4,1,True,2,3
57,want,4,4,0,False,1,3
58,way,3,3,0,False,1,2
59,look,4,3,1,True,2,2
60,first,5,5,0,False,1,4
61,also,4,4,0,False,2,2
62,new,3,3,0,False,1,2
63,because,7,6,1,True,4,3
64,day,3,3,0,False,1,2
65,use,3,3,0,False,2,1
66,man,3,3,0,False,1,2
67,find,4,4,0,False,1,3
68,here,4,3,1,True,2,2
69,thing,5,5,0,False,1,4
70,give,4,4,0,False,2,2
71,many,4,4,0,False,1,3
72,well,4,3,1,True,1,3
73,only,4,4,0,False,1,3
74,those,5,5,0,False,2,3
75,tell,4,3,1,True,1,3
76,very,4,4,0,False,1,3
77,even,4,3,1,True,2,2
78,back,4,4,0,False,1,3
79,any,3,3,0,False,1,2
80,good,4,3,1,True,2,2
81,woman,5,5,0,False,2,3
82,through,7,6,1,True,2,5
83,life,4,4,0,False,2,2
84,child,5,5,0,False,1,4
85,work,4,4,0,False,1,3
86,down,4,4,0,False,1,3
87,may,3,3,0,False,1,2
88,after,5,5,0,False,2,3
89,should,6,6,0,False,2,4
90,call,4,3,1,True,1,3
91,world,5,5,0,False,1,4
92,over,4,4,0,False,2,2
93,school,6,5,1,True,2,4
94,still,5,4,1,True,1,4
95,try,3,3,0,False,0,3
96,last,4,4,0,False,1,3
97,ask,3,3,0,False,1,2
98,need,4,3,1,True,2,2
99,too,3,2,1,True,2,1
100,feel,4,3,1,True,2,2
101,three,5,4,1,True,2,3
102,state,5,4,1,True,2,3
103,never,5,4,1,True,2,3
104,become,6,5,1,True,3,3
105,between,7,5,1,True,3,4
106,high,4,3,1,True,1,3
107,really,6,5,1,True,2,4
108,something,9,9,0,False,3,6
109,most,4,4,0,False,1,3
110,another,7,7,0,False,3,4
111,much,4,4,0,False,1,3
112,family,6,6,0,False,2,4
113,own,3,3,0,False,1,2
114,leave,5,4,1,True,3,2
115,put,3,3,0,False,1,2
116,old,3,3,0,False,1,2
117,while,5,5,0,False,2,3
118,mean,4,4,0,False,2,2
119,keep,4,3,1,True,2,2
120,student,7,6,1,True,2,5
121,why,3,3,0,False,0,3
122,let,3,3,0,False,1,2
123,great,5,5,0,False,2,3
124,same,4,4,0,False,2,2
125,big,3,3,0,False,1,2
126,group,5,5,0,False,2,3
127,begin,5,5,0,False,2,3
128,seem,4,3,1,True,2,2
129,country,7,7,0,False,2,5
130,help,4,4,0,False,1,3
131,talk,4,4,0,False,1,3
132,where,5,4,1,True,2,3
133,turn,4,4,0,False,1,3
134,problem,7,7,0,False,2,5
135,every,5,4,1,True,2,3
136,start,5,4,1,True,1,4
137,hand,4,4,0,False,1,3
138,might,5,5,0,False,1,4
139,American,8,8,0,False,3,5
140,show,4,4,0,False,1,3
141,part,4,4,0,False,1,3
142,against,7,6,1,True,3,4
143,place,5,5,0,False,2,3
144,such,4,4,0,False,1,3
145,again,5,4,1,True,3,2
146,few,3,3,0,False,1,2
147,case,4,4,0,False,2,2
148,week,4,3,1,True,2,2
149,company,7,7,0,False,2,5
150,system,6,5,1,True,1,5
151,each,4,4,0,False,2,2
152,right,5,5,0,False,1,4
153,program,7,6,1,True,2,5
154,hear,4,4,0,False,2,2
155,question,8,8,0,False,4,4
156,during,6,6,0,False,2,4
157,play,4,4,0,False,1,3
158,government,10,8,2,True,3,7
159,run,3,3,0,False,1,2
160,small,5,4,1,True,1,4
161,number,6,6,0,False,2,4
162,off,3,2,1,True,1,2
163,always,6,5,1,True,2,4
164,move,4,4,0,False,2,2
165,night,5,5,0,False,1,4
166,live,4,4,0,False,2,2
167,Mr,2,2,0,False,0,2
168,point,5,5,0,False,2,3
169,believe,7,5,1,True,4,3
170,hold,4,4,0,False,1,3
171,today,5,5,0,False,2,3
172,bring,5,5,0,False,1,4
173,happen,6,5,1,True,2,4
174,next,4,4,0,False,1,3
175,without,7,6,1,True,3,4
176,before,6,5,1,True,3,3
177,large,5,5,0,False,2,3
178,million,7,5,2,True,3,4
179,must,4,4,0,False,1,3
180,home,4,4,0,False,2,2
181,under,5,5,0,False,2,3
182,water,5,5,0,False,2,3
183,room,4,3,1,True,2,2
184,write,5,5,0,False,2,3
185,mother,6,6,0,False,2,4
186,area,4,3,1,True,3,1
187,national,8,6,2,True,4,4
188,money,5,5,0,False,2,3
189,story,5,5,0,False,1,4
190,young,5,5,0,False,2,3
191,fact,4,4,0,False,1,3
192,month,5,5,0,False,1,4
193,different,9,7,2,True,3,6
194,lot,3,3,0,False,1,2
195,study,5,5,0,False,1,4
196,book,4,3,1,True,2,2
197,eye,3,2,1,True,2,1
198,job,3,3,0,False,1,2
199,word,4,4,0,False,1,3
200,though,6,5,1,True,2,4
201,business,8,6,1,True,3,5
202,issue,5,4,1,True,3,2
203,side,4,4,0,False,2,2
204,kind,4,4,0,False,1,3
205,four,4,4,0,False,2,2
206,head,4,4,0,False,2,2
207,far,3,3,0,False,1,2
208,black,5,5,0,False,1,4
209,long,4,4,0,False,1,3
210,both,4,4,0,False,1,3
211,little,6,4,2,True,2,4
212,house,5,5,0,False,3,2
213,yes,3,3,0,False,1,2
214,since,5,5,0,False,2,3
215,provide,7,7,0,False,3,4
216,service,7,6,1,True,3,4
217,around,6,6,0,False,3,3
218,friend,6,6,0,False,2,4
219,important,9,8,1,True,3,6
220,father,6,6,0,False,2,4
221,sit,3,3,0,False,1,2
222,away,4,3,1,True,2,2
223,until,5,5,0,False,2,3
224,power,5,5,0,False,2,3
225,hour,4,4,0,False,2,2
226,game,4,4,0,False,2,2
227,often,5,5,0,False,2,3
228,yet,3,3,0,False,1,2
229,line,4,4,0,False,2,2
230,political,9,7,2,True,4,5
231,end,3,3,0,False,1,2
232,among,5,5,0,False,2,3
233,ever,4,3,1,True,2,2
234,stand,5,5,0,False,1,4
235,bad,3,3,0,False,1,2
236,lose,4,4,0,False,2,2
237,however,7,6,1,True,3,4
238,member,6,4,2,True,2,4
239,pay,3,3,0,False,1,2
240,law,3,3,0,False,1,2
241,meet,4,3,1,True,2,2
242,car,3,3,0,False,1,2
243,city,4,4,0,False,1,3
244,almost,6,6,0,False,2,4
245,include,7,7,0,False,3,4
246,continue,8,7,1,True,4,4
247,set,3,3,0,False,1,2
248,later,5,5,0,False,2,3
249,community,9,8,1,True,3,6
250,name,4,4,0,False,2,2
251,five,4,4,0,False,2,2
252,once,4,4,0,False,2,2
253,white,5,5,0,False,2,3
254,least,5,5,0,False,2,3
255,president,9,8,1,True,3,6
256,learn,5,5,0,False,2,3
257,real,4,4,0,False,2,2
258,change,6,6,0,False,2,4
259,team,4,4,0,False,2,2
260,minute,6,6,0,False,3,3
261,best,4,4,0,False,1,3
262,several,7,6,1,True,3,4
263,idea,4,4,0,False,3,1
264,kid,3,3,0,False,1,2
265,body,4,4,0,False,1,3
266,information,11,8,3,True,5,6
267,nothing,7,6,1,True,2,5
268,ago,3,3,0,False,2,1
269,lead,4,4,0,False,2,2
270,social,6,6,0,False,3,3
271,understand,10,8,2,True,3,7
272,whether,7,5,2,True,2,5
273,watch,5,5,0,False,1,4
274,together,8,6,2,True,3,5
275,follow,6,4,2,True,2,4
276,parent,6,6,0,False,2,4
277,stop,4,4,0,False,1,3
278,face,4,4,0,False,2,2
279,anything,8,7,1,True,2,6
280,create,6,5,1,True,3,3
281,public,6,6,0,False,2,4
282,already,7,6,1,True,3,4
283,speak,5,5,0,False,2,3
284,others,6,6,0,False,2,4
285,read,4,4,0,False,2,2
286,level,5,3,2,True,2,3
287,allow,5,4,1,True,2,3
288,add,3,2,1,True,1,2
289,office,6,5,1,True,3,3
290,spend,5,5,0,False,1,4
291,door,4,3,1,True,2,2
292,health,6,5,1,True,2,4
293,person,6,6,0,False,2,4
294,art,3,3,0,False,1,2
295,sure,4,4,0,False,2,2
296,war,3,3,0,False,1,2
297,history,7,7,0,False,2,5
298,party,5,5,0,False,1,4
299,within,6,5,1,True,2,4
300,grow,4,4,0,False,1,3
301,result,6,6,0,False,2,4
302,open,4,4,0,False,2,2
303,morning,7,6,1,True,2,5
304,walk,4,4,0,False,1,3
305,reason,6,6,0,False,3,3
306,low,3,3,0,False,1,2
307,win,3,3,0,False,1,2
308,research,8,6,2,True,3,5
309,girl,4,4,0,False,1,3
310,guy,3,3,0,False,1,2
311,early,5,5,0,False,2,3
312,food,4,3,1,True,2,2
313,moment,6,5,1,True,2,4
314,himself,7,7,0,False,2,5
315,air,3,3,0,False,2,1
316,teacher,7,6,1,True,3,4
317,force,5,5,0,False,2,3
318,offer,5,4,1,True,2,3
319,enough,6,6,0,False,3,3
320,education,9,9,0,False,5,4
321,across,6,5,1,True,2,4
322,although,8,7,1,True,3,5
323,remember,8,4,3,True,3,5
324,foot,4,3,1,True,2,2
325,second,6,6,0,False,2,4
326,boy,3,3,0,False,1,2
327,maybe,5,5,0,False,2,3
328,toward,6,6,0,False,2,4
329,able,4,4,0,False,2,2
330,age,3,3,0,False,2,1
331,policy,6,6,0,False,2,4
332,everything,10,9,1,True,3,7
333,love,4,4,0,False,2,2
334,process,7,6,1,True,2,5
335,music,5,5,0,False,2,3
336,including,9,7,2,True,3,6
337,consider,8,8,0,False,3,5
338,appear,6,4,2,True,3,3
339,actually,8,6,2,True,3,5
340,buy,3,3,0,False,1,2
341,probably,8,7,1,True,2,6
342,human,5,5,0,False,2,3
343,wait,4,4,0,False,2,2
344,serve,5,4,1,True,2,3
345,market,6,6,0,False,2,4
346,die,3,3,0,False,2,1
347,send,4,4,0,False,1,3
348,expect,6,5,1,True,2,4
349,sense,5,3,2,True,2,3
350,build,5,5,0,False,2,3
351,stay,4,4,0,False,1,3
352,fall,4,3,1,True,1,3
353,oh,2,2,0,False,1,1
354,nation,6,5,1,True,3,3
355,plan,4,4,0,False,1,3
356,cut,3,3,0,False,1,2
357,college,7,5,2,True,3,4
358,interest,8,6,2,True,3,5
359,death,5,5,0,False,2,3
360,course,6,6,0,False,3,3
361,someone,7,5,2,True,4,3
362,experience,10,7,1,True,5,5
363,behind,6,6,0,False,2,4
364,reach,5,5,0,False,2,3
365,local,5,4,1,True,2,3
366,kill,4,3,1,True,1,3
367,six,3,3,0,False,1,2
368,remain,6,6,0,False,3,3
369,effect,6,4,2,True,2,4
370,yeah,4,4,0,False,2,2
371,suggest,7,5,2,True,2,5
372,class,5,4,1,True,1,4
373,control,7,6,1,True,2,5
374,raise,5,5,0,False,3,2
375,care,4,4,0,False,2,2
376,perhaps,7,6,1,True,2,5
377,late,4,4,0,False,2,2
378,hard,4,4,0,False,1,3
379,field,5,5,0,False,2,3
380,else,4,3,1,True,2,2
381,pass,4,3,1,True,1,3
382,former,6,5,1,True,2,4
383,sell,4,3,1,True,1,3
384,major,5,5,0,False,2,3
385,sometimes,9,6,3,True,4,5
386,require,7,5,2,True,4,3
387,along,5,5,0,False,2,3
388,development,11,9,1,True,4,7
389,themselves,10,7,2,True,3,7
390,report,6,5,1,True,2,4
391,role,4,4,0,False,2,2
392,better,6,4,2,True,2,4
393,economic,8,6,2,True,4,4
394,effort,6,5,1,True,2,4
395,decide,6,4,2,True,3,3
396,rate,4,4,0,False,2,2
397,strong,6,6,0,False,1,5
398,possible,8,7,1,True,3,5
399,heart,5,5,0,False,2,3
400,drug,4,4,0,False,1,3
401,leader,6,5,1,True,3,3
402,light,5,5,0,False,1,4
403,voice,5,5,0,False,3,2
404,wife,4,4,0,False,2,2
405,whole,5,5,0,False,2,3
406,police,6,6,0,False,3,3
407,mind,4,4,0,False,1,3
408,finally,7,6,1,True,2,5
409,pull,4,3,1,True,1,3
410,return,6,5,1,True,2,4
411,free,4,3,1,True,2,2
412,military,8,7,1,True,3,5
413,price,5,5,0,False,2,3
414,less,4,3,1,True,1,3
415,according,9,8,1,True,3,6
416,decision,8,7,1,True,4,4
417,explain,7,7,0,False,3,4
418,son,3,3,0,False,1,2
419,hope,4,4,0,False,2,2
420,develop,7,6,1,True,3,4
421,view,4,4,0,False,2,2
422,relationship,12,11,1,True,5,7
423,carry,5,4,1,True,1,4
424,town,4,4,0,False,1,3
425,road,4,4,0,False,2,2
426,drive,5,5,0,False,2,3
427,arm,3,3,0,False,1,2
428,TRUE,4,4,0,False,0,4
429,federal,7,6,1,True,3,4
430,break,5,5,0,False,2,3
431,difference,10,7,2,True,4,6
432,thank,5,5,0,False,1,4
433,receive,7,5,1,True,4,3
434,value,5,5,0,False,3,2
435,international,13,8,4,True,6,7
436,building,8,7,1,True,3,5
437,action,6,6,0,False,3,3
438,full,4,3,1,True,1,3
439,model,5,5,0,False,2,3
440,join,4,4,0,False,2,2
441,season,6,5,1,True,3,3
442,society,7,7,0,False,3,4
443,tax,3,3,0,False,1,2
444,director,8,7,1,True,3,5
445,position,8,6,2,True,4,4
446,player,6,6,0,False,2,4
447,agree,5,4,1,True,3,2
448,especially,10,8,2,True,4,6
449,record,6,5,1,True,2,4
450,pick,4,4,0,False,1,3
451,wear,4,4,0,False,2,2
452,paper,5,4,1,True,2,3
453,special,7,7,0,False,3,4
454,space,5,5,0,False,2,3
455,ground,6,6,0,False,2,4
456,form,4,4,0,False,1,3
457,support,7,6,1,True,2,5
458,event,5,4,1,True,2,3
459,official,8,6,2,True,4,4
460,whose,5,5,0,False,2,3
461,matter,6,5,1,True,2,4
462,everyone,8,6,1,True,4,4
463,center,6,5,1,True,2,4
464,couple,6,6,0,False,3,3
465,site,4,4,0,False,2,2
466,project,7,7,0,False,2,5
467,hit,3,3,0,False,1,2
468,base,4,4,0,False,2,2
469,activity,8,6,2,True,3,5
470,star,4,4,0,False,1,3
471,table,5,5,0,False,2,3
472,court,5,5,0,False,2,3
473,produce,7,7,0,False,3,4
474,eat,3,3,0,False,2,1
475,teach,5,5,0,False,2,3
476,oil,3,3,0,False,2,1
477,half,4,4,0,False,1,3
478,situation,9,7,2,True,5,4
479,easy,4,4,0,False,2,2
480,cost,4,4,0,False,1,3
481,industry,8,8,0,False,2,6
482,figure,6,6,0,False,3,3
483,street,6,4,2,True,2,4
484,image,5,5,0,False,3,2
485,itself,6,6,0,False,2,4
486,phone,5,5,0,False,2,3
487,either,6,5,1,True,3,3
488,data,4,3,1,True,2,2
489,cover,5,5,0,False,2,3
490,quite,5,5,0,False,3,2
491,picture,7,7,0,False,3,4
492,clear,5,5,0,False,2,3
493,practice,8,7,1,True,3,5
494,piece,5,4,1,True,3,2
495,land,4,4,0,False,1,3
496,recent,6,5,1,True,2,4
497,describe,8,7,1,True,3,5
498,product,7,7,0,False,2,5
499,doctor,6,5,1,True,2,4
500,wall,4,3,1,True,1,3
501,patient,7,6,1,True,3,4
502,worker,6,5,1,True,2,4
503,news,4,4,0,False,1,3
504,test,4,3,1,True,1,3
505,movie,5,5,0,False,3,2
506,certain,7,7,0,False,3,4
507,north,5,5,0,False,1,4
508,personal,8,8,0,False,3,5
509,simply,6,6,0,False,1,5
510,third,5,5,0,False,1,4
511,technology,10,9,1,True,3,7
512,catch,5,4,1,True,1,4
513,step,4,4,0,False,1,3
514,baby,4,3,1,True,1,3
515,computer,8,8,0,False,3,5
516,type,4,4,0,False,1,3
517,attention,9,6,2,True,4,5
518,draw,4,4,0,False,1,3
519,film,4,4,0,False,1,3
520,Republican,10,10,0,False,4,6
521,tree,4,3,1,True,2,2
522,source,6,6,0,False,3,3
523,red,3,3,0,False,1,2
524,nearly,6,6,0,False,2,4
525,organization,12,8,4,True,6,6
526,choose,6,5,1,True,3,3
527,cause,5,5,0,False,3,2
528,hair,4,4,0,False,2,2
529,century,7,7,0,False,2,5
530,evidence,8,6,1,True,4,4
531,window,6,5,1,True,2,4
532,difficult,9,7,2,True,3,6
533,listen,6,6,0,False,2,4
534,soon,4,3,1,True,2,2
535,culture,7,6,1,True,3,4
536,billion,7,5,2,True,3,4
537,chance,6,5,1,True,2,4
538,brother,7,6,1,True,2,5
539,energy,6,5,1,True,2,4
540,period,6,6,0,False,3,3
541,summer,6,5,1,True,2,4
542,realize,7,6,1,True,4,3
543,hundred,7,6,1,True,2,5
544,available,9,6,2,True,5,4
545,plant,5,5,0,False,1,4
546,likely,6,5,1,True,2,4
547,opportunity,11,8,3,True,4,7
548,term,4,4,0,False,1,3
549,short,5,5,0,False,1,4
550,letter,6,4,2,True,2,4
551,condition,9,6,3,True,4,5
552,choice,6,5,1,True,3,3
553,single,6,6,0,False,2,4
554,rule,4,4,0,False,2,2
555,daughter,8,8,0,False,3,5
556,administration,14,9,4,True,6,8
557,south,5,5,0,False,2,3
558,husband,7,7,0,False,2,5
559,Congress,8,7,1,True,2,6
560,floor,5,4,1,True,2,3
561,campaign,8,7,1,True,3,5
562,material,8,7,1,True,4,4
563,population,10,8,2,True,5,5
564,economy,7,6,1,True,3,4
565,medical,7,7,0,False,3,4
566,hospital,8,8,0,False,3,5
567,church,6,4,2,True,1,5
568,close,5,5,0,False,2,3
569,thousand,8,8,0,False,3,5
570,risk,4,4,0,False,1,3
571,current,7,6,1,True,2,5
572,fire,4,4,0,False,2,2
573,future,6,5,1,True,3,3
574,wrong,5,5,0,False,1,4
575,involve,7,6,1,True,3,4
576,defense,7,5,1,True,3,4
577,anyone,6,5,1,True,3,3
578,increase,8,7,1,True,4,4
579,security,8,8,0,False,3,5
580,bank,4,4,0,False,1,3
581,myself,6,6,0,False,1,5
582,certainly,9,9,0,False,3,6
583,west,4,4,0,False,1,3
584,sport,5,5,0,False,1,4
585,board,5,5,0,False,2,3
586,seek,4,3,1,True,2,2
587,per,3,3,0,False,1,2
588,subject,7,7,0,False,2,5
589,officer,7,6,1,True,3,4
590,private,7,7,0,False,3,4
591,rest,4,4,0,False,1,3
592,behavior,8,8,0,False,4,4
593,deal,4,4,0,False,2,2
594,performance,11,9,2,True,4,7
595,fight,5,5,0,False,1,4
596,throw,5,5,0,False,1,4
597,top,3,3,0,False,1,2
598,quickly,7,7,0,False,2,5
599,past,4,4,0,False,1,3
600,goal,4,4,0,False,2,2
601,bed,3,3,0,False,1,2
602,order,5,4,1,True,2,3
603,author,6,6,0,False,3,3
604,fill,4,3,1,True,1,3
605,represent,9,6,2,True,3,6
606,focus,5,5,0,False,2,3
607,foreign,7,7,0,False,3,4
608,drop,4,4,0,False,1,3
609,blood,5,4,1,True,2,3
610,upon,4,4,0,False,2,2
611,agency,6,6,0,False,2,4
612,push,4,4,0,False,1,3
613,nature,6,6,0,False,3,3
614,color,5,4,1,True,2,3
615,recently,8,7,1,True,2,6
616,store,5,5,0,False,2,3
617,reduce,6,5,1,True,3,3
618,sound,5,5,0,False,2,3
619,note,4,4,0,False,2,2
620,fine,4,4,0,False,2,2
621,near,4,4,0,False,2,2
622,movement,8,6,2,True,3,5
623,page,4,4,0,False,2,2
624,enter,5,4,1,True,2,3
625,share,5,5,0,False,2,3
626,common,6,4,2,True,2,4
627,poor,4,3,1,True,2,2
628,natural,7,6,1,True,3,4
629,race,4,4,0,False,2,2
630,concern,7,5,2,True,2,5
631,series,6,4,2,True,3,3
632,significant,11,8,2,True,4,7
633,similar,7,6,1,True,3,4
634,hot,3,3,0,False,1,2
635,language,8,6,2,True,4,4
636,usually,7,5,2,True,3,4
637,response,8,6,2,True,3,5
638,dead,4,3,1,True,2,2
639,rise,4,4,0,False,2,2
640,animal,6,5,1,True,3,3
641,factor,6,6,0,False,2,4
642,decade,6,4,2,True,3,3
643,article,7,7,0,False,3,4
644,shoot,5,4,1,True,2,3
645,east,4,4,0,False,2,2
646,save,4,4,0,False,2,2
647,seven,5,4,1,True,2,3
648,artist,6,5,1,True,2,4
649,scene,5,4,1,True,2,3
650,stock,5,5,0,False,1,4
651,career,6,4,2,True,3,3
652,despite,7,6,1,True,3,4
653,central,7,7,0,False,2,5
654,eight,5,5,0,False,2,3
655,thus,4,4,0,False,1,3
656,treatment,9,6,2,True,3,6
657,beyond,6,6,0,False,2,4
658,happy,5,4,1,True,1,4
659,exactly,7,7,0,False,2,5
660,protect,7,6,1,True,2,5
661,approach,8,6,2,True,3,5
662,lie,3,3,0,False,2,1
663,size,4,4,0,False,2,2
664,dog,3,3,0,False,1,2
665,fund,4,4,0,False,1,3
666,serious,7,6,1,True,4,3
667,occur,5,4,1,True,2,3
668,media,5,5,0,False,3,2
669,ready,5,5,0,False,2,3
670,sign,4,4,0,False,1,3
671,thought,7,5,2,True,2,5
672,list,4,4,0,False,1,3
673,individual,10,7,2,True,5,5
674,simple,6,6,0,False,2,4
675,quality,7,7,0,False,3,4
676,pressure,8,5,3,True,3,5
677,accept,6,5,1,True,2,4
678,answer,6,6,0,False,2,4
679,resource,8,6,2,True,4,4
680,identify,8,7,1,True,3,5
681,left,4,4,0,False,1,3
682,meeting,7,6,1,True,3,4
683,determine,9,7,1,True,4,5
684,prepare,7,4,3,True,3,4
685,disease,7,5,2,True,4,3
686,whatever,8,7,1,True,3,5
687,success,7,4,2,True,2,5
688,argue,5,5,0,False,3,2
689,cup,3,3,0,False,1,2
690,particularly,12,9,3,True,4,8
691,amount,6,6,0,False,3,3
692,ability,7,6,1,True,3,4
693,staff,5,4,1,True,1,4
694,recognize,9,8,1,True,4,5
695,indicate,8,7,1,True,4,4
696,character,9,6,3,True,3,6
697,growth,6,6,0,False,1,5
698,loss,4,3,1,True,1,3
699,degree,6,4,1,True,3,3
700,wonder,6,6,0,False,2,4
701,attack,6,4,2,True,2,4
702,herself,7,6,1,True,2,5
703,region,6,6,0,False,3,3
704,television,10,8,2,True,5,5
705,box,3,3,0,False,1,2
706,TV,2,2,0,False,0,2
707,training,8,6,2,True,3,5
708,pretty,6,5,1,True,1,5
709,trade,5,5,0,False,2,3
710,election,8,7,1,True,4,4
711,everybody,9,7,2,True,3,6
712,physical,8,8,0,False,2,6
713,lay,3,3,0,False,1,2
714,general,7,6,1,True,3,4
715,feeling,7,6,1,True,3,4
716,standard,8,6,2,True,2,6
717,bill,4,3,1,True,1,3
718,message,7,5,2,True,3,4
719,fail,4,4,0,False,2,2
720,outside,7,7,0,False,4,3
721,arrive,6,5,1,True,3,3
722,analysis,8,6,2,True,3,5
723,benefit,7,6,1,True,3,4
724,sex,3,3,0,False,1,2
725,forward,7,6,1,True,2,5
726,lawyer,6,6,0,False,2,4
727,present,7,6,1,True,2,5
728,section,7,7,0,False,3,4
729,environmental,13,10,2,True,5,8
730,glass,5,4,1,True,1,4
731,skill,5,4,1,True,1,4
732,sister,6,5,1,True,2,4
733,PM,2,2,0,False,0,2
734,professor,9,6,3,True,3,6
735,operation,9,8,1,True,5,4
736,financial,9,6,3,True,4,5
737,crime,5,5,0,False,2,3
738,stage,5,5,0,False,2,3
739,ok,2,2,0,False,1,1
740,compare,7,7,0,False,3,4
741,authority,9,8,1,True,4,5
742,miss,4,3,1,True,1,3
743,design,6,6,0,False,2,4
744,sort,4,4,0,False,1,3
745,act,3,3,0,False,1,2
746,ten,3,3,0,False,1,2
747,knowledge,9,8,1,True,3,6
748,gun,3,3,0,False,1,2
749,station,7,6,1,True,3,4
750,blue,4,4,0,False,2,2
751,strategy,8,7,1,True,2,6
752,clearly,7,6,1,True,2,5
753,discuss,7,5,1,True,2,5
754,indeed,6,4,2,True,3,3
755,truth,5,4,1,True,1,4
756,song,4,4,0,False,1,3
757,example,7,6,1,True,3,4
758,democratic,10,9,1,True,4,6
759,check,5,4,1,True,1,4
760,environment,11,8,2,True,4,7
761,leg,3,3,0,False,1,2
762,dark,4,4,0,False,1,3
763,various,7,7,0,False,4,3
764,rather,6,5,1,True,2,4
765,laugh,5,5,0,False,2,3
766,guess,5,4,1,True,2,3
767,executive,9,7,1,True,5,4
768,prove,5,5,0,False,2,3
769,hang,4,4,0,False,1,3
770,entire,6,5,1,True,3,3
771,rock,4,4,0,False,1,3
772,forget,6,6,0,False,2,4
773,claim,5,5,0,False,2,3
774,remove,6,5,1,True,3,3
775,manager,7,6,1,True,3,4
776,enjoy,5,5,0,False,2,3
777,network,7,7,0,False,2,5
778,legal,5,4,1,True,2,3
779,religious,9,8,1,True,5,4
780,cold,4,4,0,False,1,3
781,final,5,5,0,False,2,3
782,main,4,4,0,False,2,2
783,science,7,5,2,True,3,4
784,green,5,4,1,True,2,3
785,memory,6,5,1,True,2,4
786,card,4,4,0,False,1,3
787,above,5,5,0,False,3,2
788,seat,4,4,0,False,2,2
789,cell,4,3,1,True,1,3
790,establish,9,8,1,True,3,6
791,nice,4,4,0,False,2,2
792,trial,5,5,0,False,2,3
793,expert,6,5,1,True,2,4
794,spring,6,6,0,False,1,5
795,firm,4,4,0,False,1,3
796,Democrat,8,8,0,False,3,5
797,radio,5,5,0,False,3,2
798,visit,5,4,1,True,2,3
799,management,10,6,4,True,4,6
800,avoid,5,5,0,False,3,2
801,imagine,7,6,1,True,4,3
802,tonight,7,6,1,True,2,5
803,huge,4,4,0,False,2,2
804,ball,4,3,1,True,1,3
805,finish,6,5,1,True,2,4
806,yourself,8,8,0,False,3,5
807,theory,6,6,0,False,2,4
808,impact,6,6,0,False,2,4
809,respond,7,7,0,False,2,5
810,statement,9,6,2,True,3,6
811,maintain,8,5,3,True,4,4
812,charge,6,6,0,False,2,4
813,popular,7,6,1,True,3,4
814,traditional,11,8,3,True,5,6
815,onto,4,3,1,True,2,2
816,reveal,6,5,1,True,3,3
817,direction,9,8,1,True,4,5
818,weapon,6,6,0,False,3,3
819,employee,8,6,1,True,4,4
820,cultural,8,6,2,True,3,5
821,contain,7,6,1,True,3,4
822,peace,5,4,1,True,3,2
823,pain,4,4,0,False,2,2
824,apply,5,4,1,True,1,4
825,measure,7,6,1,True,4,3
826,wide,4,4,0,False,2,2
827,shake,5,5,0,False,2,3
828,fly,3,3,0,False,0,3
829,interview,9,7,2,True,4,5
830,manage,6,5,1,True,3,3
831,chair,5,5,0,False,2,3
832,fish,4,4,0,False,1,3
833,particular,10,8,2,True,4,6
834,camera,6,5,1,True,3,3
835,structure,9,6,3,True,3,6
836,politics,8,7,1,True,3,5
837,perform,7,6,1,True,2,5
838,bit,3,3,0,False,1,2
839,weight,6,6,0,False,2,4
840,suddenly,8,7,1,True,2,6
841,discover,8,8,0,False,3,5
842,candidate,9,7,2,True,4,5
843,production,10,9,1,True,4,6
844,treat,5,4,1,True,2,3
845,trip,4,4,0,False,1,3
846,evening,7,5,2,True,3,4
847,affect,6,5,1,True,2,4
848,inside,6,5,1,True,3,3
849,conference,10,6,3,True,4,6
850,unit,4,4,0,False,2,2
851,style,5,5,0,False,1,4
852,adult,5,5,0,False,2,3
853,worry,5,4,1,True,1,4
854,range,5,5,0,False,2,3
855,mention,7,6,1,True,3,4
856,deep,4,3,1,True,2,2
857,edge,4,3,1,True,2,2
858,specific,8,6,2,True,3,5
859,writer,6,5,1,True,2,4
860,trouble,7,7,0,False,3,4
861,necessary,9,7,2,True,3,6
862,throughout,10,6,4,True,4,6
863,challenge,9,7,2,True,3,6
864,fear,4,4,0,False,2,2
865,shoulder,8,8,0,False,3,5
866,institution,11,6,3,True,5,6
867,middle,6,5,1,True,2,4
868,sea,3,3,0,False,2,1
869,dream,5,5,0,False,2,3
870,bar,3,3,0,False,1,2
871,beautiful,9,8,1,True,5,4
872,property,8,6,2,True,2,6
873,instead,7,7,0,False,3,4
874,improve,7,7,0,False,3,4
875,stuff,5,4,1,True,1,4
876,detail,6,6,0,False,3,3
877,method,6,6,0,False,2,4
878,somebody,8,7,1,True,3,5
879,magazine,8,7,1,True,4,4
880,hotel,5,5,0,False,2,3
881,soldier,7,7,0,False,3,4
882,reflect,7,6,1,True,2,5
883,heavy,5,5,0,False,2,3
884,sexual,6,6,0,False,3,3
885,bag,3,3,0,False,1,2
886,heat,4,4,0,False,2,2
887,marriage,8,6,2,True,4,4
888,tough,5,5,0,False,2,3
889,sing,4,4,0,False,1,3
890,surface,7,7,0,False,3,4
891,purpose,7,6,1,True,3,4
892,exist,5,5,0,False,2,3
893,pattern,7,6,1,True,2,5
894,whom,4,4,0,False,1,3
895,skin,4,4,0,False,1,3
896,agent,5,5,0,False,2,3
897,owner,5,5,0,False,2,3
898,machine,7,7,0,False,3,4
899,gas,3,3,0,False,1,2
900,ahead,5,4,1,True,3,2
901,generation,10,8,2,True,5,5
902,commercial,10,8,2,True,4,6
903,address,7,5,2,True,2,5
904,cancer,6,5,1,True,2,4
905,item,4,4,0,False,2,2
906,reality,7,7,0,False,3,4
907,coach,5,4,1,True,2,3
908,Mrs,3,3,0,False,0,3
909,yard,4,4,0,False,1,3
910,beat,4,4,0,False,2,2
911,violence,8,7,1,True,4,4
912,total,5,4,1,True,2,3
913,tend,4,4,0,False,1,3
914,investment,10,7,3,True,3,7
915,discussion,10,7,2,True,4,6
916,finger,6,6,0,False,2,4
917,garden,6,6,0,False,2,4
918,notice,6,6,0,False,3,3
919,collection,10,7,3,True,4,6
920,modern,6,6,0,False,2,4
921,task,4,4,0,False,1,3
922,partner,7,6,1,True,2,5
923,positive,8,7,1,True,4,4
924,civil,5,4,1,True,2,3
925,kitchen,7,7,0,False,2,5
926,consumer,8,8,0,False,3,5
927,shot,4,4,0,False,1,3
928,budget,6,6,0,False,2,4
929,wish,4,4,0,False,1,3
930,painting,8,6,2,True,3,5
931,scientist,9,6,3,True,3,6
932,safe,4,4,0,False,2,2
933,agreement,9,7,1,True,4,5
934,capital,7,6,1,True,3,4
935,mouth,5,5,0,False,2,3
936,nor,3,3,0,False,1,2
937,victim,6,5,1,True,2,4
938,newspaper,9,7,2,True,3,6
939,threat,6,5,1,True,2,4
940,responsibility,14,11,2,True,5,9
941,smile,5,5,0,False,2,3
942,attorney,8,7,1,True,3,5
943,score,5,5,0,False,2,3
944,account,7,6,1,True,3,4
945,interesting,11,7,4,True,4,7
946,audience,8,7,1,True,5,3
947,rich,4,4,0,False,1,3
948,dinner,6,5,1,True,2,4
949,vote,4,4,0,False,2,2
950,western,7,6,1,True,2,5
951,relate,6,5,1,True,3,3
952,travel,6,6,0,False,2,4
953,debate,6,5,1,True,3,3
954,prevent,7,6,1,True,2,5
955,citizen,7,6,1,True,3,4
956,majority,8,8,0,False,3,5
957,none,4,3,1,True,2,2
958,front,5,5,0,False,1,4
959,born,4,4,0,False,1,3
960,admit,5,5,0,False,2,3
961,senior,6,6,0,False,3,3
962,assume,6,5,1,True,3,3
963,wind,4,4,0,False,1,3
964,key,3,3,0,False,1,2
965,professional,12,10,2,True,5,7
966,mission,7,5,2,True,3,4
967,fast,4,4,0,False,1,3
968,alone,5,5,0,False,3,2
969,customer,8,8,0,False,3,5
970,suffer,6,5,1,True,2,4
971,speech,6,5,1,True,2,4
972,successful,10,6,3,True,3,7
973,option,6,5,1,True,3,3
974,participant,11,7,4,True,4,7
975,southern,8,8,0,False,3,5
976,fresh,5,5,0,False,1,4
977,eventually,10,8,2,True,4,6
978,forest,6,6,0,False,2,4
979,video,5,5,0,False,3,2
980,global,6,5,1,True,2,4
981,Senate,6,5,1,True,3,3
982,reform,6,5,1,True,2,4
983,access,6,4,2,True,2,4
984,restaurant,10,7,3,True,4,6
985,judge,5,5,0,False,2,3
986,publish,7,7,0,False,2,5
987,relation,8,8,0,False,4,4
988,release,7,5,1,True,4,3
989,bird,4,4,0,False,1,3
990,opinion,7,4,3,True,4,3
991,credit,6,6,0,False,2,4
992,critical,8,6,2,True,3,5
993,corner,6,5,1,True,2,4
994,concerned,9,6,3,True,3,6
995,recall,6,5,1,True,2,4
996,version,7,7,0,False,3,4
997,stare,5,5,0,False,2,3
998,safety,6,6,0,False,2,4
999,effective,9,6,2,True,4,5
1000,neighborhood,12,9,2,True,5,7
1001,original,8,7,1,True,4,4
1002,troop,5,4,1,True,2,3
1003,income,6,6,0,False,3,3
1004,directly,8,8,0,False,2,6
1005,hurt,4,4,0,False,1,3
1006,species,7,5,2,True,3,4
1007,immediately,11,8,3,True,5,6
1008,track,5,5,0,False,1,4
1009,basic,5,5,0,False,2,3
1010,strike,6,6,0,False,2,4
1011,sky,3,3,0,False,0,3
1012,freedom,7,6,1,True,3,4
1013,absolutely,10,9,1,True,4,6
1014,plane,5,5,0,False,2,3
1015,nobody,6,5,1,True,2,4
1016,achieve,7,6,1,True,4,3
1017,object,6,6,0,False,2,4
1018,attitude,8,6,1,True,4,4
1019,labor,5,5,0,False,2,3
1020,refer,5,3,2,True,2,3
1021,concept,7,6,1,True,2,5
1022,client,6,6,0,False,2,4
1023,powerful,8,8,0,False,3,5
1024,perfect,7,6,1,True,2,5
1025,nine,4,3,1,True,2,2
1026,therefore,9,6,2,True,4,5
1027,conduct,7,6,1,True,2,5
1028,announce,8,6,1,True,4,4
1029,conversation,12,10,2,True,5,7
1030,examine,7,6,1,True,4,3
1031,touch,5,5,0,False,2,3
1032,please,6,5,1,True,3,3
1033,attend,6,5,1,True,2,4
1034,completely,10,8,2,True,3,7
1035,variety,7,7,0,False,3,4
1036,sleep,5,4,1,True,2,3
1037,involved,8,7,1,True,3,5
1038,investigation,13,9,3,True,6,7
1039,nuclear,7,7,0,False,3,4
1040,researcher,10,6,2,True,4,6
1041,press,5,4,1,True,1,4
1042,conflict,8,7,1,True,2,6
1043,spirit,6,5,1,True,2,4
1044,replace,7,6,1,True,3,4
1045,British,7,6,1,True,2,5
1046,encourage,9,8,1,True,5,4
1047,argument,8,8,0,False,3,5
1048,camp,4,4,0,False,1,3
1049,brain,5,5,0,False,2,3
1050,feature,7,6,1,True,4,3
1051,afternoon,9,7,2,True,4,5
1052,AM,2,2,0,False,0,2
1053,weekend,7,5,1,True,3,4
1054,dozen,5,5,0,False,2,3
1055,possibility,11,8,2,True,4,7
1056,insurance,9,8,1,True,4,5
1057,department,10,8,2,True,3,7
1058,battle,6,5,1,True,2,4
1059,beginning,9,5,3,True,3,6
1060,date,4,4,0,False,2,2
1061,generally,9,7,2,True,3,6
1062,African,7,7,0,False,2,5
1063,sorry,5,4,1,True,1,4
1064,crisis,6,4,2,True,2,4
1065,complete,8,7,1,True,3,5
1066,fan,3,3,0,False,1,2
1067,stick,5,5,0,False,1,4
1068,define,6,5,1,True,3,3
1069,easily,6,6,0,False,3,3
1070,hole,4,4,0,False,2,2
1071,element,7,5,1,True,3,4
1072,vision,6,5,1,True,3,3
1073,status,6,4,2,True,2,4
1074,normal,6,6,0,False,2,4
1075,Chinese,7,6,1,True,3,4
1076,ship,4,4,0,False,1,3
1077,solution,8,7,1,True,4,4
1078,stone,5,5,0,False,2,3
1079,slowly,6,5,1,True,1,5
1080,scale,5,5,0,False,2,3
1081,university,10,9,1,True,4,6
1082,introduce,9,9,0,False,4,5
1083,driver,6,5,1,True,2,4
1084,attempt,7,5,1,True,2,5
1085,park,4,4,0,False,1,3
1086,spot,4,4,0,False,1,3
1087,lack,4,4,0,False,1,3
1088,ice,3,3,0,False,2,1
1089,boat,4,4,0,False,2,2
1090,drink,5,5,0,False,1,4
1091,sun,3,3,0,False,1,2
1092,distance,8,8,0,False,3,5
1093,wood,4,3,1,True,2,2
1094,handle,6,6,0,False,2,4
1095,truck,5,5,0,False,1,4
1096,mountain,8,7,1,True,4,4
1097,survey,6,6,0,False,2,4
1098,supposed,8,6,2,True,3,5
1099,tradition,9,7,2,True,4,5
1100,winter,6,6,0,False,2,4
1101,village,7,6,1,True,3,4
1102,Soviet,6,6,0,False,3,3
1103,refuse,6,5,1,True,3,3
1104,sales,5,4,1,True,2,3
1105,roll,4,3,1,True,1,3
1106,communication,13,8,5,True,6,7
1107,screen,6,5,1,True,2,4
1108,gain,4,4,0,False,2,2
1109,resident,8,7,1,True,3,5
1110,hide,4,4,0,False,2,2
1111,gold,4,4,0,False,1,3
1112,club,4,4,0,False,1,3
1113,farm,4,4,0,False,1,3
1114,potential,9,8,1,True,4,5
1115,European,8,8,0,False,4,4
1116,presence,8,6,1,True,3,5
1117,independent,11,6,3,True,4,7
1118,district,8,6,2,True,2,6
1119,shape,5,5,0,False,2,3
1120,reader,6,4,2,True,3,3
1121,Ms,2,2,0,False,0,2
1122,contract,8,6,2,True,2,6
1123,crowd,5,5,0,False,1,4
1124,Christian,9,8,1,True,3,6
1125,express,7,5,2,True,2,5
1126,apartment,9,7,2,True,3,6
1127,willing,7,5,2,True,2,5
1128,strength,8,7,1,True,1,7
1129,previous,8,8,0,False,4,4
1130,band,4,4,0,False,1,3
1131,obviously,9,8,1,True,4,5
1132,horse,5,5,0,False,2,3
1133,interested,10,7,2,True,4,6
1134,target,6,5,1,True,2,4
1135,prison,6,6,0,False,2,4
1136,ride,4,4,0,False,2,2
1137,guard,5,5,0,False,2,3
1138,terms,5,5,0,False,1,4
1139,demand,6,5,1,True,2,4
1140,reporter,8,5,2,True,3,5
1141,deliver,7,6,1,True,3,4
1142,text,4,3,1,True,1,3
1143,tool,4,3,1,True,2,2
1144,wild,4,4,0,False,1,3
1145,vehicle,7,6,1,True,3,4
1146,observe,7,6,1,True,3,4
1147,flight,6,6,0,False,1,5
1148,facility,8,7,1,True,3,5
1149,understanding,13,10,2,True,4,9
1150,average,7,5,2,True,4,3
1151,emerge,6,4,1,True,3,3
1152,advantage,9,7,1,True,4,5
1153,quick,5,5,0,False,2,3
1154,leadership,10,9,1,True,4,6
1155,earn,4,4,0,False,2,2
1156,pound,5,5,0,False,2,3
1157,basis,5,4,1,True,2,3
1158,bright,6,6,0,False,1,5
1159,operate,7,6,1,True,4,3
1160,guest,5,5,0,False,2,3
1161,sample,6,6,0,False,2,4
1162,contribute,10,9,1,True,4,6
1163,tiny,4,4,0,False,1,3
1164,block,5,5,0,False,1,4
1165,protection,10,8,2,True,4,6
1166,settle,6,4,2,True,2,4
1167,feed,4,3,1,True,2,2
1168,collect,7,5,2,True,2,5
1169,additional,10,7,3,True,5,5
1170,highly,6,5,1,True,1,5
1171,identity,8,6,2,True,3,5
1172,title,5,4,1,True,2,3
1173,mostly,6,6,0,False,1,5
1174,lesson,6,5,1,True,2,4
1175,faith,5,5,0,False,2,3
1176,river,5,4,1,True,2,3
1177,promote,7,6,1,True,3,4
1178,living,6,5,1,True,2,4
1179,count,5,5,0,False,2,3
1180,unless,6,5,1,True,2,4
1181,marry,5,4,1,True,1,4
1182,tomorrow,8,5,2,True,3,5
1183,technique,9,8,1,True,4,5
1184,path,4,4,0,False,1,3
1185,ear,3,3,0,False,2,1
1186,shop,4,4,0,False,1,3
1187,folk,4,4,0,False,1,3
1188,principle,9,7,2,True,3,6
1189,survive,7,6,1,True,3,4
1190,lift,4,4,0,False,1,3
1191,border,6,5,1,True,2,4
1192,competition,11,8,3,True,5,6
1193,jump,4,4,0,False,1,3
1194,gather,6,6,0,False,2,4
1195,limit,5,4,1,True,2,3
1196,fit,3,3,0,False,1,2
1197,cry,3,3,0,False,0,3
1198,equipment,9,8,1,True,4,5
1199,worth,5,5,0,False,1,4
1200,associate,9,7,2,True,5,4
1201,critic,6,4,2,True,2,4
1202,warm,4,4,0,False,1,3
1203,aspect,6,6,0,False,2,4
1204,insist,6,4,2,True,2,4
1205,failure,7,7,0,False,4,3
1206,annual,6,4,2,True,3,3
1207,French,6,6,0,False,1,5
1208,Christmas,9,8,1,True,2,7
1209,comment,7,6,1,True,2,5
1210,responsible,11,9,2,True,4,7
1211,affair,6,4,2,True,3,3
1212,procedure,9,7,2,True,4,5
1213,regular,7,6,1,True,3,4
1214,spread,6,6,0,False,2,4
1215,chairman,8,7,1,True,3,5
1216,baseball,8,5,3,True,3,5
1217,soft,4,4,0,False,1,3
1218,ignore,6,6,0,False,3,3
1219,egg,3,2,1,True,1,2
1220,belief,6,5,1,True,3,3
1221,demonstrate,11,9,2,True,4,7
1222,anybody,7,6,1,True,2,5
1223,murder,6,5,1,True,2,4
1224,gift,4,4,0,False,1,3
1225,religion,8,7,1,True,4,4
1226,review,6,5,1,True,3,3
1227,editor,6,6,0,False,3,3
1228,engage,6,4,2,True,3,3
1229,coffee,6,4,2,True,3,3
1230,document,8,8,0,False,3,5
1231,speed,5,4,1,True,2,3
1232,cross,5,4,1,True,1,4
1233,influence,9,7,2,True,4,5
1234,anyway,6,4,2,True,2,4
1235,threaten,8,6,2,True,3,5
1236,commit,6,5,1,True,2,4
1237,female,6,5,1,True,3,3
1238,youth,5,5,0,False,2,3
1239,wave,4,4,0,False,2,2
1240,afraid,6,5,1,True,3,3
1241,quarter,7,6,1,True,3,4
1242,background,10,10,0,False,3,7
1243,native,6,6,0,False,3,3
1244,broad,5,5,0,False,2,3
1245,wonderful,9,9,0,False,3,6
1246,deny,4,4,0,False,1,3
1247,apparently,10,8,2,True,3,7
1248,slightly,8,7,1,True,1,7
1249,reaction,8,8,0,False,4,4
1250,twice,5,5,0,False,2,3
1251,suit,4,4,0,False,2,2
1252,perspective,11,8,2,True,4,7
1253,growing,7,6,1,True,2,5
1254,blow,4,4,0,False,1,3
1255,construction,12,8,4,True,4,8
1256,intelligence,12,7,4,True,5,7
1257,destroy,7,7,0,False,2,5
1258,cook,4,3,1,True,2,2
1259,connection,10,6,3,True,4,6
1260,burn,4,4,0,False,1,3
1261,shoe,4,4,0,False,2,2
1262,grade,5,5,0,False,2,3
1263,context,7,6,1,True,2,5
1264,committee,9,6,3,True,4,5
1265,hey,3,3,0,False,1,2
1266,mistake,7,7,0,False,3,4
1267,location,8,7,1,True,4,4
1268,clothes,7,7,0,False,2,5
1269,Indian,6,5,1,True,2,4
1270,quiet,5,5,0,False,3,2
1271,dress,5,4,1,True,1,4
1272,promise,7,7,0,False,3,4
1273,aware,5,4,1,True,3,2
1274,neighbor,8,8,0,False,3,5
1275,function,8,7,1,True,3,5
1276,bone,4,4,0,False,2,2
1277,active,6,6,0,False,3,3
1278,extend,6,5,1,True,2,4
1279,chief,5,5,0,False,2,3
1280,combine,7,7,0,False,3,4
1281,wine,4,4,0,False,2,2
1282,below,5,5,0,False,2,3
1283,cool,4,3,1,True,2,2
1284,voter,5,5,0,False,2,3
1285,learning,8,7,1,True,3,5
1286,bus,3,3,0,False,1,2
1287,hell,4,3,1,True,1,3
1288,dangerous,9,9,0,False,4,5
1289,remind,6,6,0,False,2,4
1290,moral,5,5,0,False,2,3
1291,United,6,6,0,False,2,4
1292,category,8,8,0,False,3,5
1293,relatively,10,8,2,True,4,6
1294,victory,7,7,0,False,2,5
1295,academic,8,6,2,True,4,4
1296,Internet,8,5,3,True,2,6
1297,healthy,7,6,1,True,2,5
1298,negative,8,7,1,True,4,4
1299,following,9,7,2,True,3,6
1300,historical,10,9,1,True,4,6
1301,medicine,8,6,2,True,4,4
1302,tour,4,4,0,False,2,2
1303,depend,6,4,2,True,2,4
1304,photo,5,4,1,True,2,3
1305,finding,7,5,2,True,2,5
1306,grab,4,4,0,False,1,3
1307,direct,6,6,0,False,2,4
1308,classroom,9,7,2,True,3,6
1309,contact,7,5,2,True,2,5
1310,justice,7,7,0,False,3,4
1311,participate,11,7,4,True,5,6
1312,daily,5,5,0,False,2,3
1313,fair,4,4,0,False,2,2
1314,pair,4,4,0,False,2,2
1315,famous,6,6,0,False,3,3
1316,exercise,8,6,1,True,4,4
1317,knee,4,3,1,True,2,2
1318,flower,6,6,0,False,2,4
1319,tape,4,4,0,False,2,2
1320,hire,4,4,0,False,2,2
1321,familiar,8,6,2,True,4,4
1322,appropriate,11,7,3,True,5,6
1323,supply,6,5,1,True,1,5
1324,fully,5,4,1,True,1,4
1325,actor,5,5,0,False,2,3
1326,birth,5,5,0,False,1,4
1327,search,6,6,0,False,2,4
1328,tie,3,3,0,False,2,1
1329,democracy,9,8,1,True,3,6
1330,eastern,7,6,1,True,3,4
1331,primary,7,6,1,True,2,5
1332,yesterday,9,7,2,True,3,6
1333,circle,6,5,1,True,2,4
1334,device,6,5,1,True,3,3
1335,progress,8,6,2,True,2,6
1336,bottom,6,4,2,True,2,4
1337,island,6,6,0,False,2,4
1338,exchange,8,7,1,True,3,5
1339,clean,5,5,0,False,2,3
1340,studio,6,6,0,False,3,3
1341,train,5,5,0,False,2,3
1342,lady,4,4,0,False,1,3
1343,colleague,9,7,2,True,5,4
1344,application,11,8,3,True,5,6
1345,neck,4,4,0,False,1,3
1346,lean,4,4,0,False,2,2
1347,damage,6,5,1,True,3,3
1348,plastic,7,7,0,False,2,5
1349,tall,4,3,1,True,1,3
1350,plate,5,5,0,False,2,3
1351,hate,4,4,0,False,2,2
1352,otherwise,9,8,1,True,4,5
1353,writing,7,6,1,True,2,5
1354,male,4,4,0,False,2,2
1355,alive,5,5,0,False,3,2
1356,expression,10,8,2,True,4,6
1357,football,8,6,2,True,3,5
1358,intend,6,5,1,True,2,4
1359,chicken,7,6,1,True,2,5
1360,army,4,4,0,False,1,3
1361,abuse,5,5,0,False,3,2
1362,theater,7,5,2,True,3,4
1363,shut,4,4,0,False,1,3
1364,map,3,3,0,False,1,2
1365,extra,5,5,0,False,2,3
1366,session,7,5,1,True,3,4
1367,danger,6,6,0,False,2,4
1368,welcome,7,6,1,True,3,4
1369,domestic,8,8,0,False,3,5
1370,lots,4,4,0,False,1,3
1371,literature,10,7,3,True,5,5
1372,rain,4,4,0,False,2,2
1373,desire,6,5,1,True,3,3
1374,assessment,10,6,2,True,3,7
1375,injury,6,6,0,False,2,4
1376,respect,7,6,1,True,2,5
1377,northern,8,6,2,True,2,6
1378,nod,3,3,0,False,1,2
1379,paint,5,5,0,False,2,3
1380,fuel,4,4,0,False,2,2
1381,leaf,4,4,0,False,2,2
1382,dry,3,3,0,False,0,3
1383,Russian,7,6,1,True,3,4
1384,instruction,11,8,3,True,4,7
1385,pool,4,3,1,True,2,2
1386,climb,5,5,0,False,1,4
1387,sweet,5,4,1,True,2,3
1388,engine,6,4,2,True,3,3
1389,fourth,6,6,0,False,2,4
1390,salt,4,4,0,False,1,3
1391,expand,6,6,0,False,2,4
1392,importance,10,10,0,False,4,6
1393,metal,5,5,0,False,2,3
1394,fat,3,3,0,False,1,2
1395,ticket,6,5,1,True,2,4
1396,software,8,8,0,False,3,5
1397,disappear,9,7,2,True,4,5
1398,corporate,9,7,2,True,4,5
1399,strange,7,7,0,False,2,5
1400,lip,3,3,0,False,1,2
1401,reading,7,7,0,False,3,4
1402,urban,5,5,0,False,2,3
1403,mental,6,6,0,False,2,4
1404,increasingly,12,10,2,True,4,8
1405,lunch,5,5,0,False,1,4
1406,educational,11,10,1,True,6,5
1407,somewhere,9,7,1,True,4,5
1408,farmer,6,5,1,True,2,4
1409,sugar,5,5,0,False,2,3
1410,planet,6,6,0,False,2,4
1411,favorite,8,8,0,False,4,4
1412,explore,7,6,1,True,3,4
1413,obtain,6,6,0,False,3,3
1414,enemy,5,4,1,True,2,3
1415,greatest,8,6,2,True,3,5
1416,complex,7,7,0,False,2,5
1417,surround,8,6,2,True,3,5
1418,athlete,7,5,2,True,3,4
1419,invite,6,5,1,True,3,3
1420,repeat,6,5,1,True,3,3
1421,carefully,9,8,1,True,3,6
1422,soul,4,4,0,False,2,2
1423,scientific,10,7,2,True,4,6
1424,impossible,10,8,2,True,4,6
1425,panel,5,5,0,False,2,3
1426,meaning,7,6,1,True,3,4
1427,mom,3,2,1,True,1,2
1428,married,7,6,1,True,3,4
1429,instrument,10,8,2,True,3,7
1430,predict,7,7,0,False,2,5
1431,weather,7,6,1,True,3,4
1432,presidential,12,10,2,True,5,7
1433,emotional,9,8,1,True,5,4
1434,commitment,10,7,2,True,3,7
1435,Supreme,7,6,1,True,3,4
1436,bear,4,4,0,False,2,2
1437,pocket,6,6,0,False,2,4
1438,thin,4,4,0,False,1,3
1439,temperature,11,7,3,True,5,6
1440,surprise,8,6,2,True,3,5
1441,poll,4,3,1,True,1,3
1442,proposal,8,6,2,True,3,5
1443,consequence,11,7,3,True,5,6
1444,breath,6,6,0,False,2,4
1445,sight,5,5,0,False,1,4
1446,balance,7,6,1,True,3,4
1447,adopt,5,5,0,False,2,3
1448,minority,8,7,1,True,3,5
1449,straight,8,7,1,True,2,6
1450,connect,7,5,2,True,2,5
1451,works,5,5,0,False,1,4
1452,teaching,8,8,0,False,3,5
1453,belong,6,6,0,False,2,4
1454,aid,3,3,0,False,2,1
1455,advice,6,6,0,False,3,3
1456,okay,4,4,0,False,2,2
1457,photograph,10,7,3,True,3,7
1458,empty,5,5,0,False,1,4
1459,regional,8,8,0,False,4,4
1460,trail,5,5,0,False,2,3
1461,novel,5,5,0,False,2,3
1462,code,4,4,0,False,2,2
1463,somehow,7,6,1,True,3,4
1464,organize,8,8,0,False,4,4
1465,jury,4,4,0,False,1,3
1466,breast,6,6,0,False,2,4
1467,Iraqi,5,5,0,False,2,3
1468,acknowledge,11,10,1,True,4,7
1469,theme,5,4,1,True,2,3
1470,storm,5,5,0,False,1,4
1471,union,5,4,1,True,3,2
1472,desk,4,4,0,False,1,3
1473,thanks,6,6,0,False,1,5
1474,fruit,5,5,0,False,2,3
1475,expensive,9,7,1,True,4,5
1476,yellow,6,5,1,True,2,4
1477,conclusion,10,7,3,True,4,6
1478,prime,5,5,0,False,2,3
1479,shadow,6,6,0,False,2,4
1480,struggle,8,7,1,True,2,6
1481,conclude,8,7,1,True,3,5
1482,analyst,7,6,1,True,2,5
1483,dance,5,5,0,False,2,3
1484,regulation,10,10,0,False,5,5
1485,being,5,5,0,False,2,3
1486,ring,4,4,0,False,1,3
1487,largely,7,6,1,True,2,5
1488,shift,5,5,0,False,1,4
1489,revenue,7,5,1,True,4,3
1490,mark,4,4,0,False,1,3
1491,locate,6,6,0,False,3,3
1492,county,6,6,0,False,2,4
1493,appearance,10,6,3,True,5,5
1494,package,7,6,1,True,3,4
1495,difficulty,10,8,2,True,3,7
1496,bridge,6,6,0,False,2,4
1497,recommend,9,7,2,True,3,6
1498,obvious,7,6,1,True,4,3
1499,basically,9,7,2,True,3,6
1500,e-mail,6,6,0,False,3,3
1501,generate,8,6,1,True,4,4
1502,anymore,7,7,0,False,3,4
1503,propose,7,5,2,True,3,4
1504,thinking,8,6,2,True,2,6
1505,possibly,8,7,1,True,2,6
1506,trend,5,5,0,False,1,4
1507,visitor,7,6,1,True,3,4
1508,loan,4,4,0,False,2,2
1509,currently,9,8,1,True,2,7
1510,comfortable,11,10,1,True,4,7
1511,investor,8,8,0,False,3,5
1512,profit,6,6,0,False,2,4
1513,angry,5,5,0,False,1,4
1514,crew,4,4,0,False,1,3
1515,accident,8,7,1,True,3,5
1516,meal,4,4,0,False,2,2
1517,hearing,7,7,0,False,3,4
1518,traffic,7,6,1,True,2,5
1519,muscle,6,6,0,False,2,4
1520,notion,6,4,2,True,3,3
1521,capture,7,7,0,False,3,4
1522,prefer,6,4,2,True,2,4
1523,truly,5,5,0,False,1,4
1524,earth,5,5,0,False,2,3
1525,Japanese,8,6,2,True,4,4
1526,chest,5,5,0,False,1,4
1527,thick,5,5,0,False,1,4
1528,cash,4,4,0,False,1,3
1529,museum,6,4,2,True,3,3
1530,beauty,6,6,0,False,3,3
1531,emergency,9,7,1,True,3,6
1532,unique,6,5,1,True,4,2
1533,internal,8,7,1,True,3,5
1534,ethnic,6,6,0,False,2,4
1535,link,4,4,0,False,1,3
1536,stress,6,4,1,True,1,5
1537,content,7,5,2,True,2,5
1538,select,6,5,1,True,2,4
1539,root,4,3,1,True,2,2
1540,nose,4,4,0,False,2,2
1541,declare,7,6,1,True,3,4
1542,appreciate,10,7,3,True,5,5
1543,actual,6,5,1,True,3,3
1544,bottle,6,5,1,True,2,4
1545,hardly,6,6,0,False,1,5
1546,setting,7,6,1,True,2,5
1547,launch,6,6,0,False,2,4
1548,file,4,4,0,False,2,2
1549,sick,4,4,0,False,1,3
1550,outcome,7,6,1,True,4,3
1551,ad,2,2,0,False,1,1
1552,defend,6,4,2,True,2,4
1553,duty,4,4,0,False,1,3
1554,sheet,5,4,1,True,2,3
1555,ought,5,5,0,False,2,3
1556,ensure,6,5,1,True,3,3
1557,Catholic,8,8,0,False,3,5
1558,extremely,9,7,1,True,3,6
1559,extent,6,4,2,True,2,4
1560,component,9,7,2,True,3,6
1561,mix,3,3,0,False,1,2
1562,long-term,9,9,0,False,2,7
1563,slow,4,4,0,False,1,3
1564,contrast,8,7,1,True,2,6
1565,zone,4,4,0,False,2,2
1566,wake,4,4,0,False,2,2
1567,airport,7,6,1,True,3,4
1568,brown,5,5,0,False,1,4
1569,shirt,5,5,0,False,1,4
1570,pilot,5,5,0,False,2,3
1571,warn,4,4,0,False,1,3
1572,ultimately,10,8,2,True,4,6
1573,cat,3,3,0,False,1,2
1574,contribution,12,8,4,True,5,7
1575,capacity,8,6,2,True,3,5
1576,ourselves,9,7,2,True,4,5
1577,estate,6,4,2,True,3,3
1578,guide,5,5,0,False,3,2
1579,circumstance,12,10,1,True,4,8
1580,snow,4,4,0,False,1,3
1581,English,7,7,0,False,1,6
1582,politician,10,8,1,True,5,5
1583,steal,5,5,0,False,2,3
1584,pursue,6,5,1,True,3,3
1585,slip,4,4,0,False,1,3
1586,percentage,10,8,1,True,4,6
1587,meat,4,4,0,False,2,2
1588,funny,5,4,1,True,1,4
1589,neither,7,6,1,True,3,4
1590,soil,4,4,0,False,2,2
1591,surgery,7,6,1,True,2,5
1592,correct,7,5,2,True,2,5
1593,Jewish,6,6,0,False,2,4
1594,blame,5,5,0,False,2,3
1595,estimate,8,6,2,True,4,4
1596,due,3,3,0,False,2,1
1597,basketball,10,7,3,True,3,7
1598,golf,4,4,0,False,1,3
1599,investigate,11,8,3,True,5,6
1600,crazy,5,5,0,False,1,4
1601,significantly,13,10,2,True,4,9
1602,chain,5,5,0,False,2,3
1603,branch,6,6,0,False,1,5
1604,combination,11,8,3,True,5,6
1605,frequently,10,9,1,True,3,7
1606,governor,8,6,2,True,3,5
1607,relief,6,5,1,True,3,3
1608,user,4,4,0,False,2,2
1609,dad,3,2,1,True,1,2
1610,kick,4,3,1,True,1,3
1611,manner,6,5,1,True,2,4
1612,ancient,7,6,1,True,3,4
1613,silence,7,6,1,True,3,4
1614,rating,6,6,0,False,2,4
1615,golden,6,6,0,False,2,4
1616,motion,6,5,1,True,3,3
1617,German,6,6,0,False,2,4
1618,gender,6,5,1,True,2,4
1619,solve,5,5,0,False,2,3
1620,fee,3,2,1,True,2,1
1621,landscape,9,8,1,True,3,6
1622,used,4,4,0,False,2,2
1623,bowl,4,4,0,False,1,3
1624,equal,5,5,0,False,3,2
1625,forth,5,5,0,False,1,4
1626,frame,5,5,0,False,2,3
1627,typical,7,7,0,False,2,5
1628,except,6,5,1,True,2,4
1629,conservative,12,10,2,True,5,7
1630,eliminate,9,7,2,True,5,4
1631,host,4,4,0,False,1,3
1632,hall,4,3,1,True,1,3
1633,trust,5,4,1,True,1,4
1634,ocean,5,5,0,False,3,2
1635,row,3,3,0,False,1,2
1636,producer,8,7,1,True,3,5
1637,afford,6,5,1,True,2,4
1638,meanwhile,9,8,1,True,4,5
1639,regime,6,5,1,True,3,3
1640,division,8,6,1,True,4,4
1641,confirm,7,7,0,False,2,5
1642,fix,3,3,0,False,1,2
1643,appeal,6,4,2,True,3,3
1644,mirror,6,4,1,True,2,4
1645,tooth,5,3,2,True,2,3
1646,smart,5,5,0,False,1,4
1647,length,6,6,0,False,1,5
1648,entirely,8,7,1,True,3,5
1649,rely,4,4,0,False,1,3
1650,topic,5,5,0,False,2,3
1651,complain,8,8,0,False,3,5
1652,variable,8,7,1,True,4,4
1653,telephone,9,7,1,True,4,5
1654,perception,10,8,2,True,4,6
1655,attract,7,4,2,True,2,5
1656,confidence,10,7,3,True,4,6
1657,bedroom,7,6,1,True,3,4
1658,secret,6,5,1,True,2,4
1659,debt,4,4,0,False,1,3
1660,rare,4,3,1,True,2,2
1661,tank,4,4,0,False,1,3
1662,nurse,5,5,0,False,2,3
1663,coverage,8,7,1,True,4,4
1664,opposition,10,6,3,True,5,5
1665,aside,5,5,0,False,3,2
1666,anywhere,8,7,1,True,3,5
1667,bond,4,4,0,False,1,3
1668,pleasure,8,7,1,True,4,4
1669,master,6,6,0,False,2,4
1670,era,3,3,0,False,2,1
1671,requirement,11,8,2,True,5,6
1672,fun,3,3,0,False,1,2
1673,expectation,11,9,2,True,5,6
1674,wing,4,4,0,False,1,3
1675,separate,8,6,2,True,4,4
1676,somewhat,8,8,0,False,3,5
1677,pour,4,4,0,False,2,2
1678,stir,4,4,0,False,1,3
1679,judgment,8,8,0,False,2,6
1680,beer,4,3,1,True,2,2
1681,reference,9,5,2,True,4,5
1682,tear,4,4,0,False,2,2
1683,doubt,5,5,0,False,2,3
1684,grant,5,5,0,False,1,4
1685,seriously,9,8,1,True,4,5
1686,minister,8,7,1,True,3,5
1687,totally,7,5,2,True,2,5
1688,hero,4,4,0,False,2,2
1689,industrial,10,9,1,True,4,6
1690,cloud,5,5,0,False,2,3
1691,stretch,7,6,1,True,1,6
1692,winner,6,5,1,True,2,4
1693,volume,6,6,0,False,3,3
1694,seed,4,3,1,True,2,2
1695,surprised,9,7,2,True,3,6
1696,fashion,7,7,0,False,3,4
1697,pepper,6,3,2,True,2,4
1698,busy,4,4,0,False,1,3
1699,intervention,12,7,4,True,5,7
1700,copy,4,4,0,False,1,3
1701,tip,3,3,0,False,1,2
1702,cheap,5,5,0,False,2,3
1703,aim,3,3,0,False,2,1
1704,cite,4,4,0,False,2,2
1705,welfare,7,6,1,True,3,4
1706,vegetable,9,7,1,True,4,5
1707,gray,4,4,0,False,1,3
1708,dish,4,4,0,False,1,3
1709,beach,5,5,0,False,2,3
1710,improvement,11,9,2,True,4,7
1711,everywhere,10,6,2,True,4,6
1712,opening,7,6,1,True,3,4
1713,overall,7,6,1,True,3,4
1714,divide,6,4,2,True,3,3
1715,initial,7,5,1,True,4,3
1716,terrible,8,6,2,True,3,5
1717,oppose,6,4,2,True,3,3
1718,contemporary,12,10,2,True,4,8
1719,route,5,5,0,False,3,2
1720,multiple,8,7,1,True,3,5
1721,essential,9,7,2,True,4,5
1722,league,6,5,1,True,4,2
1723,criminal,8,7,1,True,3,5
1724,careful,7,7,0,False,3,4
1725,core,4,4,0,False,2,2
1726,upper,5,4,1,True,2,3
1727,rush,4,4,0,False,1,3
1728,necessarily,11,9,2,True,4,7
1729,specifically,12,9,3,True,4,8
1730,tired,5,5,0,False,2,3
1731,employ,6,6,0,False,2,4
1732,holiday,7,7,0,False,3,4
1733,vast,4,4,0,False,1,3
1734,resolution,10,9,1,True,5,5
1735,household,9,7,2,True,4,5
1736,fewer,5,4,1,True,2,3
1737,abortion,8,7,1,True,4,4
1738,apart,5,4,1,True,2,3
1739,witness,7,6,1,True,2,5
1740,match,5,5,0,False,1,4
1741,barely,6,6,0,False,2,4
1742,sector,6,6,0,False,2,4
1743,representative,14,9,3,True,6,8
1744,beneath,7,6,1,True,3,4
1745,beside,6,5,1,True,3,3
1746,incident,8,6,2,True,3,5
1747,limited,7,6,1,True,3,4
1748,proud,5,5,0,False,2,3
1749,flow,4,4,0,False,1,3
1750,faculty,7,7,0,False,2,5
1751,increased,9,8,1,True,4,5
1752,waste,5,5,0,False,2,3
1753,merely,6,5,1,True,2,4
1754,mass,4,3,1,True,1,3
1755,emphasize,9,8,1,True,4,5
1756,experiment,10,8,1,True,4,6
1757,definitely,10,8,2,True,4,6
1758,bomb,4,3,1,True,1,3
1759,enormous,8,7,1,True,4,4
1760,tone,4,4,0,False,2,2
1761,liberal,7,6,1,True,3,4
1762,massive,7,6,1,True,3,4
1763,engineer,8,5,2,True,4,4
1764,wheel,5,4,1,True,2,3
1765,decline,7,6,1,True,3,4
1766,invest,6,6,0,False,2,4
1767,cable,5,5,0,False,2,3
1768,towards,7,7,0,False,2,5
1769,expose,6,5,1,True,3,3
1770,rural,5,4,1,True,2,3
1771,AIDS,4,4,0,False,0,4
1772,Jew,3,3,0,False,1,2
1773,narrow,6,5,1,True,2,4
1774,cream,5,5,0,False,2,3
1775,secretary,9,7,2,True,3,6
1776,gate,4,4,0,False,2,2
1777,solid,5,5,0,False,2,3
1778,hill,4,3,1,True,1,3
1779,typically,9,7,2,True,2,7
1780,noise,5,5,0,False,3,2
1781,grass,5,4,1,True,1,4
1782,unfortunately,13,10,3,True,5,8
1783,hat,3,3,0,False,1,2
1784,legislation,11,9,2,True,5,6
1785,succeed,7,5,2,True,3,4
1786,celebrate,9,7,1,True,4,5
1787,achievement,11,9,1,True,5,6
1788,fishing,7,6,1,True,2,5
1789,accuse,6,5,1,True,3,3
1790,useful,6,5,1,True,3,3
1791,reject,6,5,1,True,2,4
1792,talent,6,5,1,True,2,4
1793,taste,5,4,1,True,2,3
1794,characteristic,14,8,5,True,5,9
1795,milk,4,4,0,False,1,3
1796,escape,6,5,1,True,3,3
1797,cast,4,4,0,False,1,3
1798,sentence,8,5,2,True,3,5
1799,unusual,7,5,1,True,4,3
1800,closely,7,6,1,True,2,5
1801,convince,8,6,2,True,3,5
1802,height,6,5,1,True,2,4
1803,physician,9,8,1,True,3,6
1804,assess,6,3,1,True,2,4
1805,plenty,6,6,0,False,1,5
1806,virtually,9,8,1,True,3,6
1807,addition,8,6,2,True,4,4
1808,sharp,5,5,0,False,1,4
1809,creative,8,7,1,True,4,4
1810,lower,5,5,0,False,2,3
1811,approve,7,6,1,True,3,4
1812,explanation,11,9,2,True,5,6
1813,gay,3,3,0,False,1,2
1814,campus,6,6,0,False,2,4
1815,proper,6,4,2,True,2,4
1816,guilty,6,6,0,False,2,4
1817,acquire,7,7,0,False,4,3
1818,compete,7,6,1,True,3,4
1819,technical,9,8,1,True,3,6
1820,plus,4,4,0,False,1,3
1821,immigrant,9,7,2,True,3,6
1822,weak,4,4,0,False,2,2
1823,illegal,7,5,1,True,3,4
1824,hi,2,2,0,False,1,1
1825,alternative,11,8,3,True,5,6
1826,interaction,11,8,3,True,5,6
1827,column,6,6,0,False,2,4
1828,personality,11,11,0,False,4,7
1829,signal,6,6,0,False,2,4
1830,curriculum,10,6,3,True,4,6
1831,honor,5,4,1,True,2,3
1832,passenger,9,7,2,True,3,6
1833,assistance,10,7,2,True,4,6
1834,forever,7,5,2,True,3,4
1835,regard,6,5,1,True,2,4
1836,Israeli,7,7,0,False,3,4
1837,association,11,7,4,True,6,5
1838,twenty,6,5,1,True,1,5
1839,knock,5,4,1,True,1,4
1840,wrap,4,4,0,False,1,3
1841,lab,3,3,0,False,1,2
1842,display,7,7,0,False,2,5
1843,criticism,9,6,2,True,3,6
1844,asset,5,4,1,True,2,3
1845,depression,10,8,2,True,4,6
1846,spiritual,9,8,1,True,4,5
1847,musical,7,7,0,False,3,4
1848,journalist,10,10,0,False,4,6
1849,prayer,6,5,1,True,2,4
1850,suspect,7,6,1,True,2,5
1851,scholar,7,7,0,False,2,5
1852,warning,7,6,1,True,2,5
1853,climate,7,7,0,False,3,4
1854,cheese,6,4,1,True,3,3
1855,observation,11,10,1,True,5,6
1856,childhood,9,6,3,True,3,6
1857,payment,7,7,0,False,2,5
1858,sir,3,3,0,False,1,2
1859,permit,6,6,0,False,2,4
1860,cigarette,9,7,2,True,4,5
1861,definition,10,7,2,True,5,5
1862,priority,8,6,2,True,3,5
1863,bread,5,5,0,False,2,3
1864,creation,8,8,0,False,4,4
1865,graduate,8,7,1,True,4,4
1866,request,7,6,1,True,3,4
1867,emotion,7,6,1,True,4,3
1868,scream,6,6,0,False,2,4
1869,dramatic,8,7,1,True,3,5
1870,universe,8,7,1,True,4,4
1871,gap,3,3,0,False,1,2
1872,excellent,9,6,2,True,3,6
1873,deeply,6,5,1,True,2,4
1874,prosecutor,10,8,2,True,4,6
1875,lucky,5,5,0,False,1,4
1876,drag,4,4,0,False,1,3
1877,airline,7,6,1,True,4,3
1878,library,7,6,1,True,2,5
1879,agenda,6,5,1,True,3,3
1880,recover,7,5,2,True,3,4
1881,factory,7,7,0,False,2,5
1882,selection,9,8,1,True,4,5
1883,primarily,9,7,2,True,3,6
1884,roof,4,3,1,True,2,2
1885,unable,6,6,0,False,3,3
1886,expense,7,5,1,True,3,4
1887,initiative,10,6,2,True,6,4
1888,diet,4,4,0,False,2,2
1889,arrest,6,5,1,True,2,4
1890,funding,7,6,1,True,2,5
1891,therapy,7,7,0,False,2,5
1892,wash,4,4,0,False,1,3
1893,schedule,8,7,1,True,3,5
1894,sad,3,3,0,False,1,2
1895,brief,5,5,0,False,2,3
1896,housing,7,7,0,False,3,4
1897,post,4,4,0,False,1,3
1898,purchase,8,8,0,False,3,5
1899,existing,8,7,1,True,3,5
1900,steel,5,4,1,True,2,3
1901,regarding,9,7,2,True,3,6
1902,shout,5,5,0,False,2,3
1903,remaining,9,7,2,True,4,5
1904,visual,6,6,0,False,3,3
1905,fairly,6,6,0,False,2,4
1906,chip,4,4,0,False,1,3
1907,violent,7,7,0,False,3,4
1908,silent,6,6,0,False,2,4
1909,suppose,7,5,2,True,3,4
1910,self,4,4,0,False,1,3
1911,bike,4,4,0,False,2,2
1912,tea,3,3,0,False,2,1
1913,perceive,8,6,1,True,4,4
1914,comparison,10,9,1,True,4,6
1915,settlement,10,6,2,True,3,7
1916,layer,5,5,0,False,2,3
1917,planning,8,6,1,True,2,6
1918,description,11,10,1,True,4,7
1919,slide,5,5,0,False,2,3
1920,widely,6,6,0,False,2,4
1921,wedding,7,6,1,True,2,5
1922,inform,6,6,0,False,2,4
1923,portion,7,6,1,True,3,4
1924,territory,9,6,2,True,3,6
1925,immediate,9,6,3,True,5,4
1926,opponent,8,5,3,True,3,5
1927,abandon,7,5,2,True,3,4
1928,lake,4,4,0,False,2,2
1929,transform,9,8,1,True,2,7
1930,tension,7,6,1,True,3,4
1931,leading,7,7,0,False,3,4
1932,bother,6,6,0,False,2,4
1933,consist,7,6,1,True,2,5
1934,alcohol,7,5,2,True,3,4
1935,enable,6,5,1,True,3,3
1936,bend,4,4,0,False,1,3
1937,saving,6,6,0,False,2,4
1938,desert,6,5,1,True,2,4
1939,shall,5,4,1,True,1,4
1940,error,5,3,1,True,2,3
1941,cop,3,3,0,False,1,2
1942,Arab,4,4,0,False,1,3
1943,double,6,6,0,False,3,3
1944,sand,4,4,0,False,1,3
1945,Spanish,7,7,0,False,2,5
1946,print,5,5,0,False,1,4
1947,preserve,8,5,2,True,3,5
1948,passage,7,5,2,True,3,4
1949,formal,6,6,0,False,2,4
1950,transition,10,7,3,True,4,6
1951,existence,9,7,1,True,4,5
1952,album,5,5,0,False,2,3
1953,participation,13,8,4,True,6,7
1954,arrange,7,5,2,True,3,4
1955,atmosphere,10,9,1,True,4,6
1956,joint,5,5,0,False,2,3
1957,reply,5,5,0,False,1,4
1958,cycle,5,4,1,True,1,4
1959,opposite,8,6,2,True,4,4
1960,lock,4,4,0,False,1,3
1961,deserve,7,5,1,True,3,4
1962,consistent,10,7,3,True,3,7
1963,resistance,10,8,2,True,4,6
1964,discovery,9,9,0,False,3,6
1965,exposure,8,7,1,True,4,4
1966,pose,4,4,0,False,2,2
1967,stream,6,6,0,False,2,4
1968,sale,4,4,0,False,2,2
1969,pot,3,3,0,False,1,2
1970,grand,5,5,0,False,1,4
1971,mine,4,4,0,False,2,2
1972,hello,5,4,1,True,2,3
1973,coalition,9,7,2,True,5,4
1974,tale,4,4,0,False,2,2
1975,knife,5,5,0,False,2,3
1976,resolve,7,6,1,True,3,4
1977,racial,6,5,1,True,3,3
1978,phase,5,5,0,False,2,3
1979,joke,4,4,0,False,2,2
1980,coat,4,4,0,False,2,2
1981,Mexican,7,7,0,False,3,4
1982,symptom,7,6,1,True,1,6
1983,manufacturer,12,9,3,True,5,7
1984,philosophy,10,7,3,True,3,7
1985,potato,6,4,2,True,3,3
1986,foundation,10,8,2,True,5,5
1987,quote,5,5,0,False,3,2
1988,online,6,5,1,True,3,3
1989,negotiation,11,7,4,True,6,5
1990,urge,4,4,0,False,2,2
1991,occasion,8,6,2,True,4,4
1992,dust,4,4,0,False,1,3
1993,breathe,7,6,1,True,3,4
1994,elect,5,4,1,True,2,3
1995,investigator,12,10,2,True,5,7
1996,jacket,6,6,0,False,2,4
1997,glad,4,4,0,False,1,3
1998,ordinary,8,7,1,True,3,5
1999,reduction,9,9,0,False,4,5
2000,rarely,6,5,1,True,2,4
2001,pack,4,4,0,False,1,3
2002,suicide,7,6,1,True,4,3
2003,numerous,8,7,1,True,4,4
2004,substance,9,8,1,True,3,6
2005,discipline,10,8,1,True,4,6
2006,elsewhere,9,6,1,True,4,5
2007,iron,4,4,0,False,2,2
2008,practical,9,7,2,True,3,6
2009,moreover,8,5,3,True,4,4
2010,passion,7,6,1,True,3,4
2011,volunteer,9,8,1,True,4,5
2012,implement,9,7,2,True,3,6
2013,essentially,11,8,3,True,4,7
2014,gene,4,3,1,True,2,2
2015,enforcement,11,8,2,True,4,7
2016,vs,2,2,0,False,0,2
2017,sauce,5,5,0,False,3,2
2018,independence,12,6,3,True,5,7
2019,marketing,9,9,0,False,3,6
2020,priest,6,6,0,False,2,4
2021,amazing,7,6,1,True,3,4
2022,intense,7,5,2,True,3,4
2023,advance,7,6,1,True,3,4
2024,employer,8,7,1,True,3,5
2025,shock,5,5,0,False,1,4
2026,inspire,7,6,1,True,3,4
2027,adjust,6,6,0,False,2,4
2028,retire,6,4,2,True,3,3
2029,visible,7,6,1,True,3,4
2030,kiss,4,3,1,True,1,3
2031,illness,7,5,2,True,2,5
2032,cap,3,3,0,False,1,2
2033,habit,5,5,0,False,2,3
2034,competitive,11,8,3,True,5,6
2035,juice,5,5,0,False,3,2
2036,congressional,13,10,3,True,5,8
2037,involvement,11,8,3,True,4,7
2038,dominate,8,8,0,False,4,4
2039,previously,10,10,0,False,4,6
2040,whenever,8,6,1,True,3,5
2041,transfer,8,7,1,True,2,6
2042,analyze,7,6,1,True,3,4
2043,attach,6,4,2,True,2,4
2044,disaster,8,7,1,True,3,5
2045,parking,7,7,0,False,2,5
2046,prospect,8,7,1,True,2,6
2047,boss,4,3,1,True,1,3
2048,complaint,9,9,0,False,3,6
2049,championship,12,9,3,True,4,8
2050,fundamental,11,9,2,True,4,7
2051,severe,6,4,1,True,3,3
2052,enhance,7,5,2,True,3,4
2053,mystery,7,6,1,True,1,6
2054,impose,6,6,0,False,3,3
2055,poverty,7,7,0,False,2,5
2056,entry,5,5,0,False,1,4
2057,spending,8,7,1,True,2,6
2058,king,4,4,0,False,1,3
2059,evaluate,8,6,2,True,5,3
2060,symbol,6,6,0,False,1,5
2061,maker,5,5,0,False,2,3
2062,mood,4,3,1,True,2,2
2063,accomplish,10,9,1,True,3,7
2064,emphasis,8,7,1,True,3,5
2065,illustrate,10,8,2,True,4,6
2066,boot,4,3,1,True,2,2
2067,monitor,7,6,1,True,3,4
2068,Asian,5,5,0,False,2,3
2069,entertainment,13,7,3,True,5,8
2070,bean,4,4,0,False,2,2
2071,evaluation,10,9,1,True,6,4
2072,creature,8,6,2,True,4,4
2073,commander,9,8,1,True,3,6
2074,digital,7,6,1,True,3,4
2075,arrangement,11,7,4,True,4,7
2076,concentrate,11,7,4,True,4,7
2077,usual,5,4,1,True,3,2
2078,anger,5,5,0,False,2,3
2079,psychological,13,10,3,True,4,9
2080,heavily,7,7,0,False,3,4
2081,peak,4,4,0,False,2,2
2082,approximately,13,11,2,True,5,8
2083,increasing,10,8,2,True,4,6
2084,disorder,8,6,2,True,3,5
2085,missile,7,5,2,True,3,4
2086,equally,7,6,1,True,3,4
2087,vary,4,4,0,False,1,3
2088,wire,4,4,0,False,2,2
2089,round,5,5,0,False,2,3
2090,distribution,12,9,2,True,5,7
2091,transportation,14,8,5,True,5,9
2092,holy,4,4,0,False,1,3
2093,twin,4,4,0,False,1,3
2094,command,7,6,1,True,2,5
2095,commission,10,6,4,True,4,6
2096,interpretation,14,8,5,True,6,8
2097,breakfast,9,8,1,True,3,6
2098,strongly,8,8,0,False,1,7
2099,engineering,11,5,4,True,5,6
2100,luck,4,4,0,False,1,3
2101,so-called,9,8,1,True,3,6
2102,constant,8,6,2,True,2,6
2103,clinic,6,4,2,True,2,4
2104,veteran,7,6,1,True,3,4
2105,smell,5,4,1,True,1,4
2106,tablespoon,10,9,1,True,4,6
2107,capable,7,6,1,True,3,4
2108,nervous,7,7,0,False,3,4
2109,tourist,7,6,1,True,3,4
2110,toss,4,3,1,True,1,3
2111,crucial,7,6,1,True,3,4
2112,bury,4,4,0,False,1,3
2113,pray,4,4,0,False,1,3
2114,tomato,6,4,2,True,3,3
2115,exception,9,8,1,True,4,5
2116,butter,6,5,1,True,2,4
2117,deficit,7,6,1,True,3,4
2118,bathroom,8,7,1,True,3,5
2119,objective,9,8,1,True,4,5
2120,electronic,10,8,2,True,4,6
2121,ally,4,3,1,True,1,3
2122,journey,7,7,0,False,3,4
2123,reputation,10,9,1,True,5,5
2124,mixture,7,7,0,False,3,4
2125,surely,6,6,0,False,2,4
2126,tower,5,5,0,False,2,3
2127,smoke,5,5,0,False,2,3
2128,confront,8,6,2,True,2,6
2129,pure,4,4,0,False,2,2
2130,glance,6,6,0,False,2,4
2131,dimension,9,7,2,True,4,5
2132,toy,3,3,0,False,1,2
2133,prisoner,8,7,1,True,3,5
2134,fellow,6,5,1,True,2,4
2135,smooth,6,5,1,True,2,4
2136,nearby,6,6,0,False,2,4
2137,peer,4,3,1,True,2,2
2138,designer,8,7,1,True,3,5
2139,personnel,9,7,2,True,3,6
2140,educator,8,8,0,False,4,4
2141,relative,8,7,1,True,4,4
2142,immigration,11,8,2,True,5,6
2143,belt,4,4,0,False,1,3
2144,teaspoon,8,7,1,True,4,4
2145,birthday,8,8,0,False,2,6
2146,implication,11,9,1,True,5,6
2147,perfectly,9,8,1,True,2,7
2148,coast,5,5,0,False,2,3
2149,supporter,9,7,2,True,3,6
2150,accompany,9,7,2,True,3,6
2151,silver,6,6,0,False,2,4
2152,teenager,8,6,1,True,4,4
2153,recognition,11,8,3,True,5,6
2154,retirement,10,6,3,True,4,6
2155,flag,4,4,0,False,1,3
2156,recovery,8,6,2,True,3,5
2157,whisper,7,7,0,False,2,5
2158,gentleman,9,7,2,True,3,6
2159,corn,4,4,0,False,1,3
2160,moon,4,3,1,True,2,2
2161,inner,5,4,1,True,2,3
2162,junior,6,6,0,False,3,3
2163,throat,6,5,1,True,2,4
2164,salary,6,5,1,True,2,4
2165,swing,5,5,0,False,1,4
2166,observer,8,6,2,True,3,5
2167,publication,11,10,1,True,5,6
2168,crop,4,4,0,False,1,3
2169,dig,3,3,0,False,1,2
2170,permanent,9,7,2,True,3,6
2171,phenomenon,10,6,3,True,4,6
2172,anxiety,7,7,0,False,3,4
2173,unlike,6,6,0,False,3,3
2174,wet,3,3,0,False,1,2
2175,literally,9,7,1,True,3,6
2176,resist,6,5,1,True,2,4
2177,convention,10,7,2,True,4,6
2178,embrace,7,6,1,True,3,4
2179,assist,6,4,1,True,2,4
2180,exhibition,10,8,1,True,5,5
2181,construct,9,7,2,True,2,7
2182,viewer,6,5,1,True,3,3
2183,pan,3,3,0,False,1,2
2184,consultant,10,8,2,True,3,7
2185,administrator,13,9,4,True,5,8
2186,occasionally,12,8,4,True,5,7
2187,mayor,5,5,0,False,2,3
2188,consideration,13,10,3,True,6,7
2189,CEO,3,3,0,False,0,3
2190,secure,6,5,1,True,3,3
2191,pink,4,4,0,False,1,3
2192,buck,4,4,0,False,1,3
2193,historic,8,7,1,True,3,5
2194,poem,4,4,0,False,2,2
2195,grandmother,11,10,1,True,3,8
2196,bind,4,4,0,False,1,3
2197,fifth,5,4,1,True,1,4
2198,constantly,10,8,2,True,2,8
2199,enterprise,10,7,2,True,4,6
2200,favor,5,5,0,False,2,3
2201,testing,7,6,1,True,2,5
2202,stomach,7,7,0,False,2,5
2203,apparent,8,6,2,True,3,5
2204,weigh,5,5,0,False,2,3
2205,install,7,6,1,True,2,5
2206,sensitive,9,6,3,True,4,5
2207,suggestion,10,8,2,True,4,6
2208,mail,4,4,0,False,2,2
2209,recipe,6,5,1,True,3,3
2210,reasonable,10,8,2,True,5,5
2211,preparation,11,8,3,True,5,6
2212,wooden,6,5,1,True,3,3
2213,elementary,10,8,1,True,4,6
2214,concert,7,6,1,True,2,5
2215,aggressive,10,7,3,True,4,6
2216,FALSE,5,5,0,False,0,5
2217,intention,9,5,3,True,4,5
2218,channel,7,6,1,True,2,5
2219,extreme,7,5,1,True,3,4
2220,tube,4,4,0,False,2,2
2221,drawing,7,7,0,False,2,5
2222,protein,7,7,0,False,3,4
2223,quit,4,4,0,False,2,2
2224,absence,7,6,1,True,3,4
2225,Latin,5,5,0,False,2,3
2226,rapidly,7,7,0,False,2,5
2227,jail,4,4,0,False,2,2
2228,diversity,9,8,1,True,3,6
2229,honest,6,6,0,False,2,4
2230,Palestinian,11,8,3,True,5,6
2231,pace,4,4,0,False,2,2
2232,employment,10,8,2,True,3,7
2233,speaker,7,6,1,True,3,4
2234,impression,10,8,2,True,4,6
2235,essay,5,4,1,True,2,3
2236,respondent,10,8,2,True,3,7
2237,giant,5,5,0,False,2,3
2238,cake,4,4,0,False,2,2
2239,historian,9,8,1,True,4,5
2240,negotiate,9,7,2,True,5,4
2241,restore,7,5,2,True,3,4
2242,substantial,11,8,3,True,4,7
2243,pop,3,2,1,True,1,2
2244,specialist,10,8,2,True,4,6
2245,origin,6,5,1,True,3,3
2246,approval,8,6,2,True,3,5
2247,quietly,7,7,0,False,3,4
2248,advise,6,6,0,False,3,3
2249,conventional,12,9,2,True,5,7
2250,depth,5,5,0,False,1,4
2251,wealth,6,6,0,False,2,4
2252,disability,10,8,1,True,4,6
2253,shell,5,4,1,True,1,4
2254,criticize,9,6,2,True,4,5
2255,effectively,11,8,2,True,4,7
2256,biological,10,7,3,True,5,5
2257,onion,5,3,2,True,3,2
2258,deputy,6,6,0,False,2,4
2259,flat,4,4,0,False,1,3
2260,brand,5,5,0,False,1,4
2261,assure,6,5,1,True,3,3
2262,mad,3,3,0,False,1,2
2263,award,5,4,1,True,2,3
2264,criteria,8,6,2,True,4,4
2265,dealer,6,5,1,True,3,3
2266,via,3,3,0,False,2,1
2267,utility,7,5,2,True,3,4
2268,precisely,9,8,1,True,3,6
2269,arise,5,5,0,False,3,2
2270,armed,5,5,0,False,2,3
2271,nevertheless,12,8,2,True,4,8
2272,highway,7,6,1,True,2,5
2273,clinical,8,5,3,True,3,5
2274,routine,7,7,0,False,4,3
2275,wage,4,4,0,False,2,2
2276,normally,8,7,1,True,2,6
2277,phrase,6,6,0,False,2,4
2278,ingredient,10,7,3,True,4,6
2279,stake,5,5,0,False,2,3
2280,Muslim,6,6,0,False,2,4
2281,fiber,5,5,0,False,2,3
2282,activist,8,6,2,True,3,5
2283,Islamic,7,7,0,False,2,5
2284,snap,4,4,0,False,1,3
2285,terrorism,9,7,1,True,3,6
2286,refugee,7,5,1,True,4,3
2287,incorporate,11,9,2,True,5,6
2288,hip,3,3,0,False,1,2
2289,ultimate,8,7,1,True,4,4
2290,switch,6,6,0,False,1,5
2291,corporation,11,8,2,True,5,6
2292,valuable,8,6,2,True,4,4
2293,assumption,10,9,1,True,4,6
2294,gear,4,4,0,False,2,2
2295,barrier,7,5,1,True,3,4
2296,minor,5,5,0,False,2,3
2297,provision,9,7,2,True,4,5
2298,killer,6,5,1,True,2,4
2299,assign,6,5,1,True,2,4
2300,gang,4,3,1,True,1,3
2301,developing,10,9,1,True,4,6
2302,classic,7,5,2,True,2,5
2303,chemical,8,7,1,True,3,5
2304,label,5,4,1,True,2,3
2305,teen,4,3,1,True,2,2
2306,index,5,5,0,False,2,3
2307,vacation,8,7,1,True,4,4
2308,advocate,8,7,1,True,4,4
2309,draft,5,5,0,False,1,4
2310,extraordinary,13,10,2,True,5,8
2311,heaven,6,5,1,True,3,3
2312,rough,5,5,0,False,2,3
2313,yell,4,3,1,True,1,3
2314,pregnant,8,7,1,True,2,6
2315,distant,7,6,1,True,2,5
2316,drama,5,4,1,True,2,3
2317,satellite,9,6,3,True,4,5
2318,personally,10,9,1,True,3,7
2319,clock,5,4,1,True,1,4
2320,chocolate,9,7,2,True,4,5
2321,Italian,7,6,1,True,3,4
2322,Canadian,8,5,2,True,4,4
2323,ceiling,7,6,1,True,3,4
2324,sweep,5,4,1,True,2,3
2325,advertising,11,10,1,True,4,7
2326,universal,9,9,0,False,4,5
2327,spin,4,4,0,False,1,3
2328,button,6,5,1,True,2,4
2329,bell,4,3,1,True,1,3
2330,rank,4,4,0,False,1,3
2331,darkness,8,7,1,True,2,6
2332,clothing,8,8,0,False,2,6
2333,super,5,5,0,False,2,3
2334,yield,5,5,0,False,2,3
2335,fence,5,4,1,True,2,3
2336,portrait,8,6,2,True,3,5
2337,survival,8,7,1,True,3,5
2338,roughly,7,7,0,False,2,5
2339,lawsuit,7,7,0,False,3,4
2340,testimony,9,8,1,True,3,6
2341,bunch,5,5,0,False,1,4
2342,found,5,5,0,False,2,3
2343,burden,6,6,0,False,2,4
2344,react,5,5,0,False,2,3
2345,chamber,7,7,0,False,2,5
2346,furniture,9,7,2,True,4,5
2347,cooperation,11,9,1,True,6,5
2348,string,6,6,0,False,1,5
2349,ceremony,8,7,1,True,3,5
2350,communicate,11,9,2,True,5,6
2351,cheek,5,4,1,True,2,3
2352,lost,4,4,0,False,1,3
2353,profile,7,7,0,False,3,4
2354,mechanism,9,8,1,True,3,6
2355,disagree,8,7,1,True,4,4
2356,penalty,7,7,0,False,2,5
2357,ie,2,2,0,False,2,0
2358,resort,6,5,1,True,2,4
2359,destruction,11,10,1,True,4,7
2360,unlikely,8,7,1,True,3,5
2361,tissue,6,5,1,True,3,3
2362,constitutional,14,9,4,True,6,8
2363,pant,4,4,0,False,1,3
2364,stranger,8,7,1,True,2,6
2365,infection,9,7,2,True,4,5
2366,cabinet,7,7,0,False,3,4
2367,broken,6,6,0,False,2,4
2368,apple,5,4,1,True,2,3
2369,electric,8,6,2,True,3,5
2370,proceed,7,6,1,True,3,4
2371,bet,3,3,0,False,1,2
2372,literary,8,7,1,True,3,5
2373,virus,5,5,0,False,2,3
2374,stupid,6,6,0,False,2,4
2375,dispute,7,7,0,False,3,4
2376,fortune,7,7,0,False,3,4
2377,strategic,9,8,1,True,3,6
2378,assistant,9,5,3,True,3,6
2379,overcome,8,6,2,True,4,4
2380,remarkable,10,7,3,True,4,6
2381,occupy,6,5,1,True,2,4
2382,statistics,10,5,3,True,3,7
2383,shopping,8,7,1,True,2,6
2384,cousin,6,6,0,False,3,3
2385,encounter,9,7,2,True,4,5
2386,wipe,4,4,0,False,2,2
2387,initially,9,6,2,True,4,5
2388,blind,5,5,0,False,1,4
2389,port,4,4,0,False,1,3
2390,electricity,11,7,4,True,4,7
2391,genetic,7,6,1,True,3,4
2392,adviser,7,7,0,False,3,4
2393,spokesman,9,8,1,True,3,6
2394,retain,6,6,0,False,3,3
2395,latter,6,5,1,True,2,4
2396,incentive,9,6,3,True,4,5
2397,slave,5,5,0,False,2,3
2398,translate,9,7,2,True,3,6
2399,accurate,8,6,2,True,4,4
2400,whereas,7,6,1,True,3,4
2401,terror,6,4,1,True,2,4
2402,expansion,9,8,1,True,4,5
2403,elite,5,4,1,True,3,2
2404,Olympic,7,7,0,False,1,6
2405,dirt,4,4,0,False,1,3
2406,odd,3,2,1,True,1,2
2407,rice,4,4,0,False,2,2
2408,bullet,6,5,1,True,2,4
2409,tight,5,4,1,True,1,4
2410,Bible,5,5,0,False,2,3
2411,chart,5,5,0,False,1,4
2412,solar,5,5,0,False,2,3
2413,square,6,6,0,False,3,3
2414,concentration,13,8,4,True,5,8
2415,complicated,11,10,1,True,4,7
2416,gently,6,6,0,False,1,5
2417,champion,8,8,0,False,3,5
2418,scenario,8,8,0,False,4,4
2419,telescope,9,7,1,True,4,5
2420,reflection,10,9,1,True,4,6
2421,revolution,10,9,1,True,5,5
2422,strip,5,5,0,False,1,4
2423,interpret,9,6,3,True,3,6
2424,friendly,8,8,0,False,2,6
2425,tournament,10,8,2,True,4,6
2426,fiction,7,6,1,True,3,4
2427,detect,6,4,2,True,2,4
2428,tremendous,10,9,1,True,4,6
2429,lifetime,8,6,2,True,4,4
2430,recommendation,14,10,4,True,6,8
2431,senator,7,7,0,False,3,4
2432,hunting,7,6,1,True,2,5
2433,salad,5,4,1,True,2,3
2434,guarantee,9,7,2,True,5,4
2435,innocent,8,6,1,True,3,5
2436,boundary,8,8,0,False,3,5
2437,pause,5,5,0,False,3,2
2438,remote,6,5,1,True,3,3
2439,satisfaction,12,8,4,True,5,7
2440,journal,7,7,0,False,3,4
2441,bench,5,5,0,False,1,4
2442,lover,5,5,0,False,2,3
2443,raw,3,3,0,False,1,2
2444,awareness,9,6,3,True,4,5
2445,surprising,10,7,3,True,3,7
2446,withdraw,8,7,1,True,2,6
2447,deck,4,4,0,False,1,3
2448,similarly,9,7,2,True,3,6
2449,newly,5,5,0,False,1,4
2450,pole,4,4,0,False,2,2
2451,testify,7,6,1,True,2,5
2452,mode,4,4,0,False,2,2
2453,dialogue,8,8,0,False,5,3
2454,imply,5,5,0,False,1,4
2455,naturally,9,7,2,True,3,6
2456,mutual,6,5,1,True,3,3
2457,founder,7,7,0,False,3,4
2458,advanced,8,6,2,True,3,5
2459,pride,5,5,0,False,2,3
2460,dismiss,7,4,2,True,2,5
2461,aircraft,8,6,2,True,3,5
2462,delivery,8,7,1,True,3,5
2463,mainly,6,6,0,False,2,4
2464,bake,4,4,0,False,2,2
2465,freeze,6,4,1,True,3,3
2466,platform,8,8,0,False,2,6
2467,finance,7,6,1,True,3,4
2468,sink,4,4,0,False,1,3
2469,attractive,10,7,2,True,4,6
2470,diverse,7,6,1,True,3,4
2471,relevant,8,7,1,True,3,5
2472,ideal,5,5,0,False,3,2
2473,joy,3,3,0,False,1,2
2474,regularly,9,7,2,True,3,6
2475,working,7,7,0,False,2,5
2476,singer,6,6,0,False,2,4
2477,evolve,6,4,2,True,3,3
2478,shooting,8,7,1,True,3,5
2479,partly,6,6,0,False,1,5
2480,unknown,7,5,1,True,2,5
2481,offense,7,5,2,True,3,4
2482,counter,7,7,0,False,3,4
2483,DNA,3,3,0,False,0,3
2484,potentially,11,9,2,True,4,7
2485,thirty,6,5,1,True,1,5
2486,justify,7,7,0,False,2,5
2487,protest,7,6,1,True,2,5
2488,crash,5,5,0,False,1,4
2489,craft,5,5,0,False,1,4
2490,treaty,6,5,1,True,2,4
2491,terrorist,9,6,2,True,3,6
2492,insight,7,6,1,True,2,5
2493,possess,7,4,1,True,2,5
2494,politically,11,8,2,True,4,7
2495,tap,3,3,0,False,1,2
2496,extensive,9,7,1,True,4,5
2497,episode,7,6,1,True,4,3
2498,swim,4,4,0,False,1,3
2499,tire,4,4,0,False,2,2
2500,fault,5,5,0,False,2,3
2501,loose,5,4,1,True,3,2
2502,shortly,7,7,0,False,1,6
2503,originally,10,8,2,True,4,6
2504,considerable,12,11,1,True,5,7
2505,prior,5,4,1,True,2,3
2506,intellectual,12,8,3,True,5,7
2507,assault,7,5,2,True,3,4
2508,relax,5,5,0,False,2,3
2509,stair,5,5,0,False,2,3
2510,adventure,9,8,1,True,4,5
2511,external,8,7,1,True,3,5
2512,proof,5,4,1,True,2,3
2513,confident,9,8,1,True,3,6
2514,headquarters,12,9,3,True,5,7
2515,sudden,6,5,1,True,2,4
2516,dirty,5,5,0,False,1,4
2517,violation,9,7,2,True,5,4
2518,tongue,6,6,0,False,3,3
2519,license,7,6,1,True,3,4
2520,shelter,7,6,1,True,2,5
2521,rub,3,3,0,False,1,2
2522,controversy,11,9,2,True,3,8
2523,entrance,8,6,2,True,3,5
2524,properly,8,6,2,True,2,6
2525,fade,4,4,0,False,2,2
2526,defensive,9,7,1,True,4,5
2527,tragedy,7,7,0,False,2,5
2528,net,3,3,0,False,1,2
2529,characterize,12,8,4,True,5,7
2530,funeral,7,7,0,False,3,4
2531,profession,10,8,2,True,4,6
2532,alter,5,5,0,False,2,3
2533,constitute,10,8,1,True,4,6
2534,establishment,13,10,3,True,4,9
2535,squeeze,7,5,1,True,4,3
2536,imagination,11,7,3,True,6,5
2537,mask,4,4,0,False,1,3
2538,convert,7,7,0,False,2,5
2539,comprehensive,13,11,1,True,5,8
2540,prominent,9,8,1,True,3,6
2541,presentation,12,9,3,True,5,7
2542,regardless,10,7,3,True,3,7
2543,load,4,4,0,False,2,2
2544,stable,6,6,0,False,2,4
2545,introduction,12,8,4,True,5,7
2546,pretend,7,6,1,True,2,5
2547,elderly,7,5,2,True,2,5
2548,representation,14,9,4,True,6,8
2549,deer,4,3,1,True,2,2
2550,split,5,5,0,False,1,4
2551,violate,7,7,0,False,4,3
2552,partnership,11,9,2,True,3,8
2553,pollution,9,7,2,True,4,5
2554,emission,8,6,2,True,4,4
2555,steady,6,6,0,False,2,4
2556,vital,5,5,0,False,2,3
2557,fate,4,4,0,False,2,2
2558,earnings,8,7,1,True,3,5
2559,oven,4,4,0,False,2,2
2560,distinction,11,7,3,True,4,7
2561,segment,7,6,1,True,2,5
2562,nowhere,7,6,1,True,3,4
2563,poet,4,4,0,False,2,2
2564,mere,4,3,1,True,2,2
2565,exciting,8,7,1,True,3,5
2566,variation,9,7,2,True,5,4
2567,comfort,7,6,1,True,2,5
2568,radical,7,6,1,True,3,4
2569,adapt,5,4,1,True,2,3
2570,Irish,5,5,0,False,1,4
2571,honey,5,5,0,False,2,3
2572,correspondent,13,9,4,True,4,9
2573,pale,4,4,0,False,2,2
2574,musician,8,7,1,True,4,4
2575,significance,12,8,3,True,5,7
2576,vessel,6,4,2,True,2,4
2577,storage,7,7,0,False,3,4
2578,flee,4,3,1,True,2,2
2579,mm-hmm,6,3,1,True,0,6
2580,leather,7,6,1,True,3,4
2581,distribute,10,8,2,True,4,6
2582,evolution,9,8,1,True,5,4
2583,ill,3,2,1,True,1,2
2584,tribe,5,5,0,False,2,3
2585,shelf,5,5,0,False,1,4
2586,grandfather,11,9,2,True,3,8
2587,lawn,4,4,0,False,1,3
2588,buyer,5,5,0,False,2,3
2589,dining,6,4,2,True,2,4
2590,wisdom,6,6,0,False,2,4
2591,council,7,6,1,True,3,4
2592,vulnerable,10,8,2,True,4,6
2593,instance,8,7,1,True,3,5
2594,garlic,6,6,0,False,2,4
2595,capability,10,8,2,True,4,6
2596,poetry,6,6,0,False,2,4
2597,celebrity,9,8,1,True,3,6
2598,gradually,9,7,2,True,3,6
2599,stability,9,7,2,True,3,6
2600,fantasy,7,6,1,True,2,5
2601,scared,6,6,0,False,2,4
2602,plot,4,4,0,False,1,3
2603,framework,9,8,1,True,3,6
2604,gesture,7,6,1,True,3,4
2605,depending,9,6,3,True,3,6
2606,ongoing,7,4,3,True,3,4
2607,psychology,10,8,2,True,2,8
2608,counselor,9,8,1,True,4,5
2609,chapter,7,7,0,False,2,5
2610,divorce,7,7,0,False,3,4
2611,owe,3,3,0,False,2,1
2612,pipe,4,3,1,True,2,2
2613,athletic,8,7,1,True,3,5
2614,slight,6,6,0,False,1,5
2615,math,4,4,0,False,1,3
2616,shade,5,5,0,False,2,3
2617,tail,4,4,0,False,2,2
2618,sustain,7,6,1,True,3,4
2619,mount,5,5,0,False,2,3
2620,obligation,10,8,2,True,5,5
2621,angle,5,5,0,False,2,3
2622,palm,4,4,0,False,1,3
2623,differ,6,5,1,True,2,4
2624,custom,6,6,0,False,2,4
2625,economist,9,8,1,True,4,5
2626,fifteen,7,5,2,True,3,4
2627,soup,4,4,0,False,2,2
2628,celebration,11,10,1,True,5,6
2629,efficient,9,6,3,True,4,5
2630,composition,11,8,2,True,5,6
2631,satisfy,7,6,1,True,2,5
2632,pile,4,4,0,False,2,2
2633,briefly,7,7,0,False,2,5
2634,carbon,6,6,0,False,2,4
2635,closer,6,6,0,False,2,4
2636,consume,7,7,0,False,3,4
2637,scheme,6,5,1,True,2,4
2638,crack,5,4,1,True,1,4
2639,frequency,9,8,1,True,3,6
2640,tobacco,7,5,2,True,3,4
2641,survivor,8,6,2,True,3,5
2642,besides,7,5,2,True,3,4
2643,psychologist,12,10,2,True,3,9
2644,wealthy,7,7,0,False,2,5
2645,galaxy,6,5,1,True,2,4
2646,given,5,5,0,False,2,3
2647,ski,3,3,0,False,1,2
2648,limitation,10,7,2,True,5,5
2649,trace,5,5,0,False,2,3
2650,appointment,11,8,3,True,4,7
2651,preference,10,6,2,True,4,6
2652,meter,5,4,1,True,2,3
2653,explosion,9,8,1,True,4,5
2654,publicly,8,7,1,True,2,6
2655,incredible,10,8,2,True,4,6
2656,fighter,7,7,0,False,2,5
2657,rapid,5,5,0,False,2,3
2658,admission,9,7,2,True,4,5
2659,hunter,6,6,0,False,2,4
2660,educate,7,6,1,True,4,3
2661,painful,7,7,0,False,3,4
2662,friendship,10,9,1,True,3,7
2663,aide,4,4,0,False,3,1
2664,infant,6,5,1,True,2,4
2665,calculate,9,6,3,True,4,5
2666,fifty,5,4,1,True,1,4
2667,rid,3,3,0,False,1,2
2668,porch,5,5,0,False,1,4
2669,tendency,8,6,2,True,2,6
2670,uniform,7,7,0,False,3,4
2671,formation,9,8,1,True,4,5
2672,scholarship,11,9,2,True,3,8
2673,reservation,11,9,2,True,5,6
2674,efficiency,10,6,4,True,4,6
2675,qualify,7,7,0,False,3,4
2676,mall,4,3,1,True,1,3
2677,derive,6,5,1,True,3,3
2678,scandal,7,6,1,True,2,5
2679,PC,2,2,0,False,0,2
2680,helpful,7,6,1,True,2,5
2681,impress,7,6,1,True,2,5
2682,heel,4,3,1,True,2,2
2683,resemble,8,6,1,True,3,5
2684,privacy,7,7,0,False,2,5
2685,fabric,6,6,0,False,2,4
2686,contest,7,6,1,True,2,5
2687,proportion,10,6,3,True,4,6
2688,guideline,9,7,2,True,5,4
2689,rifle,5,5,0,False,2,3
2690,maintenance,11,7,3,True,5,6
2691,conviction,10,6,4,True,4,6
2692,trick,5,5,0,False,1,4
2693,organic,7,7,0,False,3,4
2694,tent,4,3,1,True,1,3
2695,examination,11,8,3,True,6,5
2696,publisher,9,9,0,False,3,6
2697,strengthen,10,7,3,True,2,8
2698,proposed,8,6,2,True,3,5
2699,myth,4,4,0,False,0,4
2700,sophisticated,13,10,3,True,5,8
2701,cow,3,3,0,False,1,2
2702,etc,3,3,0,False,1,2
2703,standing,8,7,1,True,2,6
2704,asleep,6,5,1,True,3,3
2705,tennis,6,5,1,True,2,4
2706,nerve,5,4,1,True,2,3
2707,barrel,6,5,1,True,2,4
2708,bombing,7,6,1,True,2,5
2709,membership,10,8,2,True,3,7
2710,ratio,5,5,0,False,3,2
2711,menu,4,4,0,False,2,2
2712,controversial,13,11,2,True,5,8
2713,desperate,9,7,1,True,4,5
2714,lifestyle,9,7,2,True,3,6
2715,humor,5,5,0,False,2,3
2716,loud,4,4,0,False,2,2
2717,glove,5,5,0,False,2,3
2718,sufficient,10,8,2,True,4,6
2719,narrative,9,7,2,True,4,5
2720,photographer,12,8,4,True,4,8
2721,helicopter,10,9,1,True,4,6
2722,modest,6,6,0,False,2,4
2723,provider,8,7,1,True,3,5
2724,delay,5,5,0,False,2,3
2725,agricultural,12,8,4,True,5,7
2726,explode,7,6,1,True,3,4
2727,stroke,6,6,0,False,2,4
2728,scope,5,5,0,False,2,3
2729,punishment,10,9,1,True,3,7
2730,handful,7,7,0,False,2,5
2731,badly,5,5,0,False,1,4
2732,horizon,7,6,1,True,3,4
2733,curious,7,6,1,True,4,3
2734,downtown,8,5,3,True,2,6
2735,girlfriend,10,8,2,True,3,7
2736,prompt,6,5,1,True,1,5
2737,cholesterol,11,8,3,True,4,7
2738,absorb,6,5,1,True,2,4
2739,adjustment,10,9,1,True,3,7
2740,taxpayer,8,7,1,True,3,5
2741,eager,5,4,1,True,3,2
2742,principal,9,7,2,True,3,6
2743,detailed,8,6,2,True,4,4
2744,motivation,10,7,3,True,5,5
2745,assignment,10,8,2,True,3,7
2746,restriction,11,8,3,True,4,7
2747,laboratory,10,7,3,True,4,6
2748,workshop,8,7,1,True,2,6
2749,differently,11,9,2,True,3,8
2750,auto,4,4,0,False,3,1
2751,romantic,8,8,0,False,3,5
2752,cotton,6,4,2,True,2,4
2753,motor,5,4,1,True,2,3
2754,sue,3,3,0,False,2,1
2755,flavor,6,6,0,False,2,4
2756,overlook,8,6,1,True,4,4
2757,float,5,5,0,False,2,3
2758,undergo,7,7,0,False,3,4
2759,sequence,8,6,1,True,4,4
2760,demonstration,13,10,3,True,5,8
2761,jet,3,3,0,False,1,2
2762,orange,6,6,0,False,3,3
2763,consumption,11,9,2,True,4,7
2764,assert,6,5,1,True,2,4
2765,blade,5,5,0,False,2,3
2766,temporary,9,8,1,True,3,6
2767,medication,10,9,1,True,5,5
2768,cabin,5,5,0,False,2,3
2769,bite,4,4,0,False,2,2
2770,edition,7,6,1,True,4,3
2771,valley,6,5,1,True,2,4
2772,yours,5,5,0,False,2,3
2773,pitch,5,5,0,False,1,4
2774,pine,4,4,0,False,2,2
2775,brilliant,9,7,2,True,3,6
2776,versus,6,5,1,True,2,4
2777,manufacturing,13,10,3,True,5,8
2778,absolute,8,8,0,False,4,4
2779,chef,4,4,0,False,1,3
2780,discrimination,14,10,2,True,6,8
2781,offensive,9,7,2,True,4,5
2782,boom,4,3,1,True,2,2
2783,register,8,6,2,True,3,5
2784,appoint,7,6,1,True,3,4
2785,heritage,8,7,1,True,4,4
2786,God,3,3,0,False,1,2
2787,dominant,8,7,1,True,3,5
2788,successfully,12,7,4,True,3,9
2789,shit,4,4,0,False,1,3
2790,lemon,5,5,0,False,2,3
2791,hungry,6,6,0,False,1,5
2792,wander,6,6,0,False,2,4
2793,submit,6,6,0,False,2,4
2794,economics,9,7,2,True,4,5
2795,naked,5,5,0,False,2,3
2796,anticipate,10,7,3,True,5,5
2797,nut,3,3,0,False,1,2
2798,legacy,6,6,0,False,2,4
2799,extension,9,7,2,True,4,5
2800,shrug,5,5,0,False,1,4
2801,battery,7,6,1,True,2,5
2802,arrival,7,5,2,True,3,4
2803,legitimate,10,7,3,True,5,5
2804,orientation,11,7,4,True,6,5
2805,inflation,9,7,2,True,4,5
2806,cope,4,4,0,False,2,2
2807,flame,5,5,0,False,2,3
2808,cluster,7,7,0,False,2,5
2809,wound,5,5,0,False,2,3
2810,dependent,9,5,3,True,3,6
2811,shower,6,6,0,False,2,4
2812,institutional,13,8,3,True,6,7
2813,depict,6,6,0,False,2,4
2814,operating,9,9,0,False,4,5
2815,flesh,5,5,0,False,1,4
2816,garage,6,4,2,True,3,3
2817,operator,8,6,2,True,4,4
2818,instructor,10,8,2,True,3,7
2819,collapse,8,7,1,True,3,5
2820,borrow,6,4,2,True,2,4
2821,furthermore,11,8,2,True,4,7
2822,comedy,6,6,0,False,2,4
2823,mortgage,8,7,1,True,3,5
2824,sanction,8,7,1,True,3,5
2825,civilian,8,6,1,True,4,4
2826,twelve,6,5,1,True,2,4
2827,weekly,6,5,1,True,2,4
2828,habitat,7,5,2,True,3,4
2829,grain,5,5,0,False,2,3
2830,brush,5,5,0,False,1,4
2831,consciousness,13,7,4,True,5,8
2832,devote,6,5,1,True,3,3
2833,measurement,11,8,2,True,5,6
2834,province,8,8,0,False,3,5
2835,ease,4,3,1,True,3,1
2836,seize,5,4,1,True,3,2
2837,ethics,6,6,0,False,2,4
2838,nomination,10,6,3,True,5,5
2839,permission,10,8,2,True,4,6
2840,wise,4,4,0,False,2,2
2841,actress,7,6,1,True,2,5
2842,summit,6,5,1,True,2,4
2843,acid,4,4,0,False,2,2
2844,odds,4,3,1,True,1,3
2845,gifted,6,6,0,False,2,4
2846,frustration,11,9,2,True,4,7
2847,medium,6,5,1,True,3,3
2848,physically,10,8,2,True,2,8
2849,distinguish,11,8,2,True,4,7
2850,shore,5,5,0,False,2,3
2851,repeatedly,10,8,1,True,4,6
2852,lung,4,4,0,False,1,3
2853,running,7,5,1,True,2,5
2854,distinct,8,6,2,True,2,6
2855,artistic,8,6,2,True,3,5
2856,discourse,9,8,1,True,4,5
2857,basket,6,6,0,False,2,4
2858,ah,2,2,0,False,1,1
2859,fighting,8,6,2,True,2,6
2860,impressive,10,7,3,True,4,6
2861,competitor,10,8,2,True,4,6
2862,ugly,4,4,0,False,1,3
2863,worried,7,6,1,True,3,4
2864,portray,7,6,1,True,2,5
2865,powder,6,6,0,False,2,4
2866,ghost,5,5,0,False,1,4
2867,persuade,8,7,1,True,4,4
2868,moderate,8,7,1,True,4,4
2869,subsequent,10,7,3,True,4,6
2870,continued,9,8,1,True,4,5
2871,cookie,6,5,1,True,4,2
2872,carrier,7,5,1,True,3,4
2873,cooking,7,6,1,True,3,4
2874,frequent,8,7,1,True,3,5
2875,ban,3,3,0,False,1,2
2876,awful,5,5,0,False,2,3
2877,admire,6,6,0,False,3,3
2878,pet,3,3,0,False,1,2
2879,miracle,7,7,0,False,3,4
2880,exceed,6,4,1,True,3,3
2881,rhythm,6,5,1,True,0,6
2882,widespread,10,8,2,True,4,6
2883,killing,7,5,2,True,2,5
2884,lovely,6,5,1,True,2,4
2885,sin,3,3,0,False,1,2
2886,charity,7,7,0,False,2,5
2887,script,6,6,0,False,1,5
2888,tactic,6,4,2,True,2,4
2889,identification,14,9,3,True,7,7
2890,transformation,14,9,5,True,5,9
2891,everyday,8,6,2,True,3,5
2892,headline,8,7,1,True,4,4
2893,venture,7,6,1,True,3,4
2894,invasion,8,6,2,True,4,4
2895,nonetheless,11,7,3,True,4,7
2896,adequate,8,6,2,True,5,3
2897,piano,5,5,0,False,3,2
2898,grocery,7,6,1,True,2,5
2899,intensity,9,6,3,True,3,6
2900,exhibit,7,6,1,True,3,4
2901,blanket,7,7,0,False,2,5
2902,margin,6,6,0,False,2,4
2903,quarterback,11,9,2,True,4,7
2904,mouse,5,5,0,False,3,2
2905,rope,4,4,0,False,2,2
2906,concrete,8,6,2,True,3,5
2907,prescription,12,9,3,True,4,8
2908,African-American,16,10,6,True,5,11
2909,chase,5,5,0,False,2,3
2910,brick,5,5,0,False,1,4
2911,recruit,7,6,1,True,3,4
2912,patch,5,5,0,False,1,4
2913,consensus,9,6,2,True,3,6
2914,horror,6,3,2,True,2,4
2915,recording,9,8,1,True,3,6
2916,changing,8,6,2,True,2,6
2917,painter,7,7,0,False,3,4
2918,colonial,8,6,2,True,4,4
2919,pie,3,3,0,False,2,1
2920,sake,4,4,0,False,2,2
2921,gaze,4,4,0,False,2,2
2922,courage,7,7,0,False,4,3
2923,pregnancy,9,8,1,True,2,7
2924,swear,5,5,0,False,2,3
2925,defeat,6,5,1,True,3,3
2926,clue,4,4,0,False,2,2
2927,reinforce,9,7,2,True,4,5
2928,confusion,9,7,2,True,4,5
2929,slice,5,5,0,False,2,3
2930,occupation,10,8,2,True,5,5
2931,dear,4,4,0,False,2,2
2932,coal,4,4,0,False,2,2
2933,sacred,6,6,0,False,2,4
2934,formula,7,7,0,False,3,4
2935,cognitive,9,8,1,True,4,5
2936,collective,10,7,3,True,4,6
2937,exact,5,5,0,False,2,3
2938,uncle,5,5,0,False,2,3
2939,captain,7,6,1,True,3,4
2940,sigh,4,4,0,False,1,3
2941,attribute,9,7,1,True,4,5
2942,dare,4,4,0,False,2,2
2943,homeless,8,6,2,True,3,5
2944,gallery,7,6,1,True,2,5
2945,soccer,6,5,1,True,2,4
2946,defendant,9,6,3,True,3,6
2947,tunnel,6,5,1,True,2,4
2948,fitness,7,6,1,True,2,5
2949,lap,3,3,0,False,1,2
2950,grave,5,5,0,False,2,3
2951,toe,3,3,0,False,2,1
2952,container,9,8,1,True,4,5
2953,virtue,6,6,0,False,3,3
2954,abroad,6,5,1,True,3,3
2955,architect,9,7,2,True,3,6
2956,dramatically,12,9,2,True,4,8
2957,makeup,6,6,0,False,3,3
2958,inquiry,7,6,1,True,3,4
2959,rose,4,4,0,False,2,2
2960,surprisingly,12,9,3,True,3,9
2961,highlight,9,5,3,True,2,7
2962,decrease,8,6,1,True,4,4
2963,indication,10,7,2,True,5,5
2964,rail,4,4,0,False,2,2
2965,anniversary,11,8,3,True,4,7
2966,couch,5,4,1,True,2,3
2967,alliance,8,6,2,True,4,4
2968,hypothesis,10,8,2,True,3,7
2969,boyfriend,9,9,0,False,3,6
2970,compose,7,6,1,True,3,4
2971,mess,4,3,1,True,1,3
2972,legend,6,5,1,True,2,4
2973,regulate,8,7,1,True,4,4
2974,adolescent,10,9,1,True,4,6
2975,shine,5,5,0,False,2,3
2976,norm,4,4,0,False,1,3
2977,upset,5,5,0,False,2,3
2978,remark,6,5,1,True,2,4
2979,resign,6,6,0,False,2,4
2980,reward,6,5,1,True,2,4
2981,gentle,6,5,1,True,2,4
2982,related,7,6,1,True,3,4
2983,organ,5,5,0,False,2,3
2984,lightly,7,6,1,True,1,6
2985,concerning,10,7,2,True,3,7
2986,invent,6,5,1,True,2,4
2987,laughter,8,8,0,False,3,5
2988,northwest,9,8,1,True,2,7
2989,counseling,10,9,1,True,4,6
2990,receiver,8,5,2,True,4,4
2991,ritual,6,6,0,False,3,3
2992,insect,6,6,0,False,2,4
2993,interrupt,9,7,2,True,3,6
2994,salmon,6,6,0,False,2,4
2995,trading,7,7,0,False,2,5
2996,magic,5,5,0,False,2,3
2997,superior,8,7,1,True,4,4
2998,combat,6,6,0,False,2,4
2999,stem,4,4,0,False,1,3
3000,surgeon,7,7,0,False,3,4
3001,acceptable,10,7,3,True,4,6
3002,physics,7,6,1,True,1,6
3003,rape,4,4,0,False,2,2
3004,counsel,7,7,0,False,3,4
3005,jeans,5,5,0,False,2,3
3006,hunt,4,4,0,False,1,3
3007,continuous,10,7,3,True,5,5
3008,log,3,3,0,False,1,2
3009,echo,4,4,0,False,2,2
3010,pill,4,3,1,True,1,3
3011,excited,7,6,1,True,3,4
3012,sculpture,9,8,1,True,3,6
3013,compound,8,7,1,True,3,5
3014,integrate,9,7,2,True,4,5
3015,flour,5,5,0,False,2,3
3016,bitter,6,5,1,True,2,4
3017,bare,4,4,0,False,2,2
3018,slope,5,5,0,False,2,3
3019,rent,4,4,0,False,1,3
3020,presidency,10,9,1,True,3,7
3021,serving,7,7,0,False,2,5
3022,subtle,6,6,0,False,2,4
3023,greatly,7,7,0,False,2,5
3024,bishop,6,6,0,False,2,4
3025,drinking,8,6,2,True,2,6
3026,acceptance,10,6,3,True,4,6
3027,pump,4,3,1,True,1,3
3028,candy,5,5,0,False,1,4
3029,evil,4,4,0,False,2,2
3030,pleased,7,6,1,True,3,4
3031,medal,5,5,0,False,2,3
3032,beg,3,3,0,False,1,2
3033,sponsor,7,5,2,True,2,5
3034,ethical,7,7,0,False,3,4
3035,secondary,9,9,0,False,3,6
3036,slam,4,4,0,False,1,3
3037,export,6,6,0,False,2,4
3038,experimental,12,10,1,True,5,7
3039,melt,4,4,0,False,1,3
3040,midnight,8,7,1,True,2,6
3041,curve,5,5,0,False,2,3
3042,integrity,9,7,2,True,3,6
3043,entitle,7,5,2,True,3,4
3044,evident,7,6,1,True,3,4
3045,logic,5,5,0,False,2,3
3046,essence,7,4,2,True,3,4
3047,exclude,7,6,1,True,3,4
3048,harsh,5,4,1,True,1,4
3049,closet,6,6,0,False,2,4
3050,suburban,8,6,2,True,3,5
3051,greet,5,4,1,True,2,3
3052,interior,8,6,2,True,4,4
3053,corridor,8,5,2,True,3,5
3054,retail,6,6,0,False,3,3
3055,pitcher,7,7,0,False,2,5
3056,march,5,5,0,False,1,4
3057,snake,5,5,0,False,2,3
3058,excuse,6,5,1,True,3,3
3059,weakness,8,6,2,True,3,5
3060,pig,3,3,0,False,1,2
3061,classical,9,5,4,True,3,6
3062,estimated,9,7,2,True,4,5
3063,T-shirt,7,7,0,False,1,6
3064,unemployment,12,9,3,True,4,8
3065,civilization,12,9,1,True,6,6
3066,fold,4,4,0,False,1,3
3067,reverse,7,4,2,True,3,4
3068,missing,7,5,2,True,2,5
3069,correlation,11,9,2,True,5,6
3070,humanity,8,8,0,False,3,5
3071,flash,5,5,0,False,1,4
3072,developer,9,7,1,True,4,5
3073,reliable,8,6,2,True,4,4
3074,excitement,10,7,2,True,4,6
3075,beef,4,3,1,True,2,2
3076,Islam,5,5,0,False,1,4
3077,Roman,5,5,0,False,2,3
3078,architecture,12,8,4,True,5,7
3079,occasional,10,7,3,True,5,5
3080,administrative,14,10,3,True,6,8
3081,elbow,5,5,0,False,2,3
3082,deadly,6,5,1,True,2,4
3083,Hispanic,8,7,1,True,3,5
3084,allegation,10,8,2,True,5,5
3085,confuse,7,7,0,False,3,4
3086,airplane,8,7,1,True,4,4
3087,monthly,7,7,0,False,1,6
3088,duck,4,4,0,False,1,3
3089,dose,4,4,0,False,2,2
3090,Korean,6,6,0,False,3,3
3091,plead,5,5,0,False,2,3
3092,initiate,8,5,2,True,5,3
3093,lecture,7,6,1,True,3,4
3094,van,3,3,0,False,1,2
3095,sixth,5,5,0,False,1,4
3096,bay,3,3,0,False,1,2
3097,mainstream,10,8,2,True,4,6
3098,suburb,6,4,2,True,2,4
3099,sandwich,8,8,0,False,2,6
3100,trunk,5,5,0,False,1,4
3101,rumor,5,4,1,True,2,3
3102,implementation,14,9,5,True,6,8
3103,swallow,7,5,2,True,2,5
3104,motivate,8,7,1,True,4,4
3105,render,6,4,2,True,2,4
3106,longtime,8,8,0,False,3,5
3107,trap,4,4,0,False,1,3
3108,restrict,8,6,2,True,2,6
3109,cloth,5,5,0,False,1,4
3110,seemingly,9,8,1,True,3,6
3111,legislative,11,8,3,True,5,6
3112,effectiveness,13,8,3,True,5,8
3113,enforce,7,6,1,True,3,4
3114,lens,4,4,0,False,1,3
3115,inspector,9,9,0,False,3,6
3116,lend,4,4,0,False,1,3
3117,plain,5,5,0,False,2,3
3118,fraud,5,5,0,False,2,3
3119,companion,9,7,2,True,4,5
3120,contend,7,6,1,True,2,5
3121,nail,4,4,0,False,2,2
3122,array,5,3,2,True,2,3
3123,strict,6,5,1,True,1,5
3124,assemble,8,6,2,True,3,5
3125,frankly,7,7,0,False,1,6
3126,rat,3,3,0,False,1,2
3127,hay,3,3,0,False,1,2
3128,hallway,7,5,2,True,2,5
3129,cave,4,4,0,False,2,2
3130,inevitable,10,8,2,True,5,5
3131,southwest,9,7,2,True,3,6
3132,monster,7,7,0,False,2,5
3133,unexpected,10,8,1,True,4,6
3134,obstacle,8,8,0,False,3,5
3135,facilitate,10,7,3,True,5,5
3136,rip,3,3,0,False,1,2
3137,herb,4,4,0,False,1,3
3138,overwhelming,12,11,1,True,4,8
3139,integration,11,8,3,True,5,6
3140,crystal,7,7,0,False,1,6
3141,recession,9,7,2,True,4,5
3142,written,7,6,1,True,2,5
3143,motive,6,6,0,False,3,3
3144,flood,5,4,1,True,2,3
3145,pen,3,3,0,False,1,2
3146,ownership,9,9,0,False,3,6
3147,nightmare,9,9,0,False,3,6
3148,inspection,10,8,2,True,4,6
3149,supervisor,10,8,2,True,4,6
3150,consult,7,7,0,False,2,5
3151,arena,5,4,1,True,3,2
3152,diagnosis,9,7,2,True,4,5
3153,possession,10,6,2,True,4,6
3154,forgive,7,7,0,False,3,4
3155,consistently,12,9,3,True,3,9
3156,basement,8,7,1,True,3,5
3157,drift,5,5,0,False,1,4
3158,drain,5,5,0,False,2,3
3159,prosecution,11,10,1,True,5,6
3160,maximum,7,5,1,True,3,4
3161,announcement,12,8,2,True,5,7
3162,warrior,7,5,1,True,3,4
3163,prediction,10,9,1,True,4,6
3164,bacteria,8,7,1,True,4,4
3165,questionnaire,13,10,3,True,7,6
3166,mud,3,3,0,False,1,2
3167,infrastructure,14,10,3,True,5,9
3168,hurry,5,4,1,True,1,4
3169,privilege,9,7,2,True,4,5
3170,temple,6,5,1,True,2,4
3171,outdoor,7,5,1,True,4,3
3172,suck,4,4,0,False,1,3
3173,and/or,6,6,0,False,2,4
3174,broadcast,9,8,1,True,3,6
3175,re,2,2,0,False,1,1
3176,leap,4,4,0,False,2,2
3177,random,6,6,0,False,2,4
3178,wrist,5,5,0,False,1,4
3179,curtain,7,7,0,False,3,4
3180,pond,4,4,0,False,1,3
3181,domain,6,6,0,False,3,3
3182,guilt,5,5,0,False,2,3
3183,cattle,6,5,1,True,2,4
3184,walking,7,7,0,False,2,5
3185,playoff,7,6,1,True,2,5
3186,minimum,7,4,2,True,3,4
3187,fiscal,6,6,0,False,2,4
3188,skirt,5,5,0,False,1,4
3189,dump,4,4,0,False,1,3
3190,hence,5,4,1,True,2,3
3191,database,8,6,1,True,4,4
3192,uncomfortable,13,12,1,True,5,8
3193,execute,7,5,1,True,4,3
3194,limb,4,4,0,False,1,3
3195,ideology,8,7,1,True,4,4
3196,tune,4,4,0,False,2,2
3197,continuing,10,7,2,True,4,6
3198,harm,4,4,0,False,1,3
3199,railroad,8,6,2,True,4,4
3200,endure,6,5,1,True,3,3
3201,radiation,9,7,2,True,5,4
3202,horn,4,4,0,False,1,3
3203,chronic,7,6,1,True,2,5
3204,peaceful,8,7,1,True,4,4
3205,innovation,10,6,3,True,5,5
3206,strain,6,6,0,False,2,4
3207,guitar,6,6,0,False,3,3
3208,replacement,11,9,1,True,4,7
3209,behave,6,5,1,True,3,3
3210,administer,10,9,1,True,4,6
3211,simultaneously,14,11,3,True,6,8
3212,dancer,6,6,0,False,2,4
3213,amendment,9,6,3,True,3,6
3214,pad,3,3,0,False,1,2
3215,transmission,12,8,3,True,4,8
3216,await,5,4,1,True,3,2
3217,retired,7,5,2,True,3,4
3218,trigger,7,5,2,True,2,5
3219,spill,5,4,1,True,1,4
3220,grateful,8,8,0,False,3,5
3221,grace,5,5,0,False,2,3
3222,virtual,7,7,0,False,3,4
3223,colony,6,5,1,True,2,4
3224,adoption,8,7,1,True,4,4
3225,indigenous,10,8,2,True,5,5
3226,closed,6,6,0,False,2,4
3227,convict,7,6,1,True,2,5
3228,towel,5,5,0,False,2,3
3229,modify,6,6,0,False,2,4
3230,particle,8,8,0,False,3,5
3231,prize,5,5,0,False,2,3
3232,landing,7,6,1,True,2,5
3233,boost,5,4,1,True,2,3
3234,bat,3,3,0,False,1,2
3235,alarm,5,4,1,True,2,3
3236,festival,8,8,0,False,3,5
3237,grip,4,4,0,False,1,3
3238,weird,5,5,0,False,2,3
3239,undermine,9,7,2,True,4,5
3240,freshman,8,8,0,False,2,6
3241,sweat,5,5,0,False,2,3
3242,outer,5,5,0,False,3,2
3243,drunk,5,5,0,False,1,4
3244,separation,10,9,1,True,5,5
3245,traditionally,13,9,4,True,5,8
3246,govern,6,6,0,False,2,4
3247,southeast,9,7,2,True,4,5
3248,intelligent,11,6,5,True,4,7
3249,wherever,8,5,2,True,3,5
3250,ballot,6,5,1,True,2,4
3251,rhetoric,8,7,1,True,3,5
3252,convinced,9,7,2,True,3,6
3253,driving,7,6,1,True,2,5
3254,vitamin,7,6,1,True,3,4
3255,enthusiasm,10,9,1,True,4,6
3256,accommodate,11,7,4,True,5,6
3257,praise,6,6,0,False,3,3
3258,injure,6,6,0,False,3,3
3259,wilderness,10,8,2,True,3,7
3260,endless,7,5,2,True,2,5
3261,mandate,7,6,1,True,3,4
3262,respectively,12,10,1,True,4,8
3263,uncertainty,11,9,2,True,4,7
3264,chaos,5,5,0,False,2,3
3265,mechanical,10,8,2,True,4,6
3266,canvas,6,5,1,True,2,4
3267,forty,5,5,0,False,1,4
3268,lobby,5,4,1,True,1,4
3269,profound,8,7,1,True,3,5
3270,format,6,6,0,False,2,4
3271,trait,5,4,1,True,2,3
3272,currency,8,6,2,True,2,6
3273,turkey,6,6,0,False,2,4
3274,reserve,7,4,2,True,3,4
3275,beam,4,4,0,False,2,2
3276,astronomer,10,8,2,True,4,6
3277,corruption,10,8,2,True,4,6
3278,contractor,10,6,4,True,3,7
3279,apologize,9,8,1,True,5,4
3280,doctrine,8,8,0,False,3,5
3281,genuine,7,5,2,True,4,3
3282,thumb,5,5,0,False,1,4
3283,unity,5,5,0,False,2,3
3284,compromise,10,8,2,True,4,6
3285,horrible,8,7,1,True,3,5
3286,behavioral,10,9,1,True,5,5
3287,exclusive,9,8,1,True,4,5
3288,scatter,7,6,1,True,2,5
3289,commonly,8,6,2,True,2,6
3290,convey,6,6,0,False,2,4
3291,twist,5,4,1,True,1,4
3292,complexity,10,10,0,False,3,7
3293,fork,4,4,0,False,1,3
3294,disk,4,4,0,False,1,3
3295,relieve,7,5,1,True,4,3
3296,suspicion,9,7,2,True,4,5
3297,health-care,11,8,3,True,4,7
3298,residence,9,7,1,True,4,5
3299,shame,5,5,0,False,2,3
3300,meaningful,10,9,1,True,4,6
3301,sidewalk,8,8,0,False,3,5
3302,Olympics,8,8,0,False,1,7
3303,technological,13,10,3,True,5,8
3304,signature,9,9,0,False,4,5
3305,pleasant,8,7,1,True,3,5
3306,wow,3,2,1,True,1,2
3307,suspend,7,6,1,True,2,5
3308,rebel,5,4,1,True,2,3
3309,frozen,6,6,0,False,2,4
3310,spouse,6,5,1,True,3,3
3311,fluid,5,5,0,False,2,3
3312,pension,7,6,1,True,3,4
3313,resume,6,5,1,True,3,3
3314,theoretical,11,9,2,True,5,6
3315,sodium,6,6,0,False,3,3
3316,promotion,9,7,1,True,4,5
3317,delicate,8,7,1,True,4,4
3318,forehead,8,7,1,True,4,4
3319,rebuild,7,7,0,False,3,4
3320,bounce,6,6,0,False,3,3
3321,electrical,10,7,3,True,4,6
3322,hook,4,3,1,True,2,2
3323,detective,9,6,2,True,4,5
3324,traveler,8,6,2,True,3,5
3325,click,5,4,1,True,1,4
3326,compensation,12,10,2,True,5,7
3327,exit,4,4,0,False,2,2
3328,attraction,10,7,2,True,4,6
3329,dedicate,8,6,2,True,4,4
3330,altogether,10,8,2,True,4,6
3331,pickup,6,5,1,True,2,4
3332,carve,5,5,0,False,2,3
3333,needle,6,4,1,True,3,3
3334,belly,5,4,1,True,1,4
3335,scare,5,5,0,False,2,3
3336,portfolio,9,7,1,True,4,5
3337,shuttle,7,6,1,True,2,5
3338,invisible,9,7,1,True,4,5
3339,timing,6,5,1,True,2,4
3340,engagement,10,6,3,True,4,6
3341,ankle,5,5,0,False,2,3
3342,transaction,11,8,3,True,4,7
3343,rescue,6,5,1,True,3,3
3344,counterpart,11,9,2,True,4,7
3345,historically,12,10,2,True,4,8
3346,firmly,6,6,0,False,1,5
3347,mild,4,4,0,False,1,3
3348,rider,5,4,1,True,2,3
3349,doll,4,3,1,True,1,3
3350,noon,4,2,2,True,2,2
3351,amid,4,4,0,False,2,2
3352,identical,9,8,1,True,4,5
3353,precise,7,6,1,True,3,4
3354,anxious,7,7,0,False,4,3
3355,structural,10,7,3,True,3,7
3356,residential,11,9,2,True,5,6
3357,diagnose,8,8,0,False,4,4
3358,carbohydrate,12,10,2,True,4,8
3359,liberty,7,7,0,False,2,5
3360,poster,6,6,0,False,2,4
3361,theology,8,7,1,True,3,5
3362,nonprofit,9,7,2,True,3,6
3363,crawl,5,5,0,False,1,4
3364,oxygen,6,6,0,False,2,4
3365,handsome,8,8,0,False,3,5
3366,sum,3,3,0,False,1,2
3367,provided,8,7,1,True,3,5
3368,businessman,11,8,2,True,4,7
3369,promising,9,8,1,True,3,6
3370,conscious,9,6,3,True,4,5
3371,determination,13,9,4,True,6,7
3372,donor,5,4,1,True,2,3
3373,hers,4,4,0,False,1,3
3374,pastor,6,6,0,False,2,4
3375,jazz,4,3,1,True,1,3
3376,opera,5,5,0,False,3,2
3377,acquisition,11,9,1,True,6,5
3378,pit,3,3,0,False,1,2
3379,hug,3,3,0,False,1,2
3380,wildlife,8,6,2,True,3,5
3381,punish,6,6,0,False,2,4
3382,equity,6,6,0,False,3,3
3383,doorway,7,6,1,True,3,4
3384,departure,9,7,2,True,4,5
3385,elevator,8,7,1,True,4,4
3386,teenage,7,5,1,True,4,3
3387,guidance,8,8,0,False,4,4
3388,happiness,9,7,2,True,3,6
3389,statue,6,5,1,True,3,3
3390,pursuit,7,6,1,True,3,4
3391,repair,6,5,1,True,3,3
3392,decent,6,5,1,True,2,4
3393,gym,3,3,0,False,0,3
3394,oral,4,4,0,False,2,2
3395,clerk,5,5,0,False,1,4
3396,envelope,8,6,1,True,4,4
3397,reporting,9,8,1,True,3,6
3398,destination,11,8,3,True,5,6
3399,fist,4,4,0,False,1,3
3400,endorse,7,6,1,True,3,4
3401,exploration,11,10,1,True,5,6
3402,generous,8,7,1,True,4,4
3403,bath,4,4,0,False,1,3
3404,thereby,7,6,1,True,2,5
3405,indicator,9,8,1,True,4,5
3406,sunlight,8,8,0,False,2,6
3407,feedback,8,7,1,True,3,5
3408,spectrum,8,8,0,False,2,6
3409,purple,6,5,1,True,2,4
3410,laser,5,5,0,False,2,3
3411,bold,4,4,0,False,1,3
3412,reluctant,9,8,1,True,3,6
3413,starting,8,7,1,True,2,6
3414,expertise,9,7,1,True,4,5
3415,practically,11,8,3,True,3,8
3416,eating,6,6,0,False,3,3
3417,hint,4,4,0,False,1,3
3418,sharply,7,7,0,False,1,6
3419,parade,6,5,1,True,3,3
3420,realm,5,5,0,False,2,3
3421,cancel,6,5,1,True,2,4
3422,blend,5,5,0,False,1,4
3423,therapist,9,8,1,True,3,6
3424,peel,4,3,1,True,2,2
3425,pizza,5,4,1,True,2,3
3426,recipient,9,7,2,True,4,5
3427,hesitate,8,6,2,True,4,4
3428,flip,4,4,0,False,1,3
3429,accounting,10,8,2,True,4,6
3430,bias,4,4,0,False,2,2
3431,huh,3,2,1,True,1,2
3432,metaphor,8,8,0,False,3,5
3433,candle,6,6,0,False,2,4
3434,judicial,8,7,1,True,4,4
3435,entity,6,5,1,True,2,4
3436,suffering,9,8,1,True,3,6
3437,full-time,9,8,1,True,3,6
3438,lamp,4,4,0,False,1,3
3439,garbage,7,5,2,True,3,4
3440,servant,7,7,0,False,2,5
3441,regulatory,10,9,1,True,4,6
3442,diplomatic,10,9,1,True,4,6
3443,elegant,7,6,1,True,3,4
3444,reception,9,8,1,True,4,5
3445,vanish,6,6,0,False,2,4
3446,automatically,13,9,3,True,6,7
3447,chin,4,4,0,False,1,3
3448,necessity,9,7,2,True,3,6
3449,confess,7,6,1,True,2,5
3450,racism,6,6,0,False,2,4
3451,starter,7,5,2,True,2,5
3452,banking,7,6,1,True,2,5
3453,casual,6,5,1,True,3,3
3454,gravity,7,7,0,False,2,5
3455,enroll,6,5,1,True,2,4
3456,diminish,8,6,1,True,3,5
3457,prevention,10,8,2,True,4,6
3458,minimize,8,5,2,True,4,4
3459,chop,4,4,0,False,1,3
3460,performer,9,6,2,True,3,6
3461,intent,6,4,2,True,2,4
3462,isolate,7,7,0,False,4,3
3463,inventory,9,8,1,True,3,6
3464,productive,10,10,0,False,4,6
3465,assembly,8,7,1,True,2,6
3466,civic,5,3,2,True,2,3
3467,silk,4,4,0,False,1,3
3468,magnitude,9,9,0,False,4,5
3469,steep,5,4,1,True,2,3
3470,hostage,7,7,0,False,3,4
3471,collector,9,6,3,True,3,6
3472,popularity,10,9,1,True,4,6
3473,alien,5,5,0,False,3,2
3474,dynamic,7,7,0,False,2,5
3475,scary,5,5,0,False,1,4
3476,equation,8,8,0,False,5,3
3477,angel,5,5,0,False,2,3
3478,offering,8,7,1,True,3,5
3479,rage,4,4,0,False,2,2
3480,photography,11,8,3,True,3,8
3481,toilet,6,5,1,True,3,3
3482,disappointed,12,9,3,True,5,7
3483,precious,8,8,0,False,4,4
3484,prohibit,8,7,1,True,3,5
3485,realistic,9,8,1,True,4,5
3486,hidden,6,5,1,True,2,4
3487,tender,6,5,1,True,2,4
3488,gathering,9,8,1,True,3,6
3489,outstanding,11,9,2,True,4,7
3490,stumble,7,7,0,False,2,5
3491,lonely,6,5,1,True,2,4
3492,automobile,10,9,1,True,6,4
3493,artificial,10,7,2,True,5,5
3494,dawn,4,4,0,False,1,3
3495,abstract,8,6,2,True,2,6
3496,descend,7,5,2,True,2,5
3497,silly,5,4,1,True,1,4
3498,tide,4,4,0,False,2,2
3499,shared,6,6,0,False,2,4
3500,hopefully,9,8,1,True,3,6
3501,readily,7,7,0,False,3,4
3502,cooperate,9,7,2,True,5,4
3503,revolutionary,13,11,2,True,6,7
3504,romance,7,7,0,False,3,4
3505,hardware,8,6,2,True,3,5
3506,pillow,6,5,1,True,2,4
3507,kit,3,3,0,False,1,2
3508,continent,9,6,2,True,3,6
3509,seal,4,4,0,False,2,2
3510,circuit,7,5,2,True,3,4
3511,ruling,6,6,0,False,2,4
3512,shortage,8,8,0,False,3,5
3513,annually,8,5,3,True,3,5
3514,lately,6,5,1,True,2,4
3515,scan,4,4,0,False,1,3
3516,fool,4,3,1,True,2,2
3517,deadline,8,6,2,True,4,4
3518,rear,4,3,1,True,2,2
3519,processing,10,9,1,True,3,7
3520,ranch,5,5,0,False,1,4
3521,coastal,7,6,1,True,3,4
3522,undertake,9,8,1,True,4,5
3523,softly,6,6,0,False,1,5
3524,burning,7,6,1,True,2,5
3525,verbal,6,6,0,False,2,4
3526,tribal,6,6,0,False,2,4
3527,ridiculous,10,8,2,True,5,5
3528,automatic,9,7,2,True,5,4
3529,diamond,7,6,1,True,3,4
3530,credibility,11,9,1,True,4,7
3531,import,6,6,0,False,2,4
3532,sexually,8,7,1,True,3,5
3533,divine,6,5,1,True,3,3
3534,sentiment,9,6,3,True,3,6
3535,cart,4,4,0,False,1,3
3536,oversee,7,5,1,True,4,3
3537,o'clock,7,5,2,True,2,5
3538,elder,5,4,1,True,2,3
3539,pro,3,3,0,False,1,2
3540,inspiration,11,8,2,True,5,6
3541,Dutch,5,5,0,False,1,4
3542,quantity,8,7,1,True,3,5
3543,trailer,7,6,1,True,3,4
3544,mate,4,4,0,False,2,2
3545,Greek,5,4,1,True,2,3
3546,genius,6,6,0,False,3,3
3547,monument,8,6,2,True,3,5
3548,bid,3,3,0,False,1,2
3549,quest,5,5,0,False,2,3
3550,sacrifice,9,7,2,True,4,5
3551,invitation,10,6,3,True,5,5
3552,accuracy,8,5,2,True,3,5
3553,juror,5,4,1,True,2,3
3554,officially,10,7,3,True,4,6
3555,broker,6,5,1,True,2,4
3556,treasure,8,6,2,True,4,4
3557,loyalty,7,5,2,True,2,5
3558,talented,8,6,2,True,3,5
3559,gasoline,8,8,0,False,4,4
3560,stiff,5,4,1,True,1,4
3561,output,6,4,2,True,3,3
3562,nominee,7,5,2,True,4,3
3563,extended,8,5,2,True,3,5
3564,diabetes,8,7,1,True,4,4
3565,slap,4,4,0,False,1,3
3566,toxic,5,5,0,False,2,3
3567,alleged,7,5,2,True,3,4
3568,jaw,3,3,0,False,1,2
3569,grief,5,5,0,False,2,3
3570,mysterious,10,9,1,True,4,6
3571,rocket,6,6,0,False,2,4
3572,donate,6,6,0,False,3,3
3573,inmate,6,6,0,False,3,3
3574,tackle,6,6,0,False,2,4
3575,dynamics,8,8,0,False,2,6
3576,bow,3,3,0,False,1,2
3577,ours,4,4,0,False,2,2
3578,dignity,7,6,1,True,2,5
3579,carpet,6,6,0,False,2,4
3580,parental,8,7,1,True,3,5
3581,bubble,6,4,1,True,2,4
3582,buddy,5,4,1,True,1,4
3583,barn,4,4,0,False,1,3
3584,sword,5,5,0,False,1,4
3585,seventh,7,6,1,True,2,5
3586,glory,5,5,0,False,1,4
3587,tightly,7,6,1,True,1,6
3588,protective,10,8,2,True,4,6
3589,tuck,4,4,0,False,1,3
3590,drum,4,4,0,False,1,3
3591,faint,5,5,0,False,2,3
3592,queen,5,4,1,True,3,2
3593,dilemma,7,6,1,True,3,4
3594,input,5,5,0,False,2,3
3595,specialize,10,8,2,True,5,5
3596,northeast,9,8,1,True,3,6
3597,shallow,7,6,1,True,2,5
3598,liability,9,6,2,True,4,5
3599,sail,4,4,0,False,2,2
3600,merchant,8,8,0,False,2,6
3601,stadium,7,7,0,False,3,4
3602,improved,8,8,0,False,3,5
3603,bloody,6,5,1,True,2,4
3604,associated,10,8,2,True,5,5
3605,withdrawal,10,8,2,True,3,7
3606,refrigerator,12,8,2,True,5,7
3607,nest,4,4,0,False,1,3
3608,thoroughly,10,8,2,True,3,7
3609,lane,4,4,0,False,2,2
3610,ancestor,8,8,0,False,3,5
3611,condemn,7,6,1,True,2,5
3612,steam,5,5,0,False,2,3
3613,accent,6,5,1,True,2,4
3614,optimistic,10,7,2,True,4,6
3615,unite,5,5,0,False,3,2
3616,cage,4,4,0,False,2,2
3617,equip,5,5,0,False,3,2
3618,shrimp,6,6,0,False,1,5
3619,homeland,8,8,0,False,3,5
3620,rack,4,4,0,False,1,3
3621,costume,7,7,0,False,3,4
3622,wolf,4,4,0,False,1,3
3623,courtroom,9,6,2,True,4,5
3624,statute,7,5,1,True,3,4
3625,cartoon,7,6,1,True,3,4
3626,productivity,12,10,2,True,4,8
3627,grin,4,4,0,False,1,3
3628,symbolic,8,8,0,False,2,6
3629,bug,3,3,0,False,1,2
3630,bless,5,4,1,True,1,4
3631,aunt,4,4,0,False,2,2
3632,agriculture,11,9,2,True,5,6
3633,hostile,7,7,0,False,3,4
3634,conceive,8,6,2,True,4,4
3635,combined,8,8,0,False,3,5
3636,instantly,9,7,2,True,2,7
3637,bankruptcy,10,10,0,False,2,8
3638,vaccine,7,6,1,True,3,4
3639,bonus,5,5,0,False,2,3
3640,collaboration,13,9,3,True,6,7
3641,mixed,5,5,0,False,2,3
3642,opposed,7,5,2,True,3,4
3643,orbit,5,5,0,False,2,3
3644,grasp,5,5,0,False,1,4
3645,patience,8,7,1,True,4,4
3646,spite,5,5,0,False,2,3
3647,tropical,8,8,0,False,3,5
3648,voting,6,6,0,False,2,4
3649,patrol,6,6,0,False,2,4
3650,willingness,11,7,4,True,3,8
3651,revelation,10,9,1,True,5,5
3652,calm,4,4,0,False,1,3
3653,jewelry,7,6,1,True,2,5
3654,Cuban,5,5,0,False,2,3
3655,haul,4,4,0,False,2,2
3656,concede,7,5,2,True,3,4
3657,wagon,5,5,0,False,2,3
3658,afterward,9,7,2,True,3,6
3659,spectacular,11,9,2,True,4,7
3660,ruin,4,4,0,False,2,2
3661,sheer,5,4,1,True,2,3
3662,immune,6,5,1,True,3,3
3663,reliability,11,8,2,True,5,6
3664,ass,3,2,1,True,1,2
3665,alongside,9,9,0,False,4,5
3666,bush,4,4,0,False,1,3
3667,exotic,6,6,0,False,3,3
3668,fascinating,11,8,3,True,4,7
3669,clip,4,4,0,False,1,3
3670,thigh,5,4,1,True,1,4
3671,bull,4,3,1,True,1,3
3672,drawer,6,5,1,True,2,4
3673,sheep,5,4,1,True,2,3
3674,discourage,10,10,0,False,5,5
3675,coordinator,11,8,2,True,5,6
3676,ideological,11,8,3,True,6,5
3677,runner,6,4,2,True,2,4
3678,secular,7,7,0,False,3,4
3679,intimate,8,6,2,True,4,4
3680,empire,6,5,1,True,3,3
3681,cab,3,3,0,False,1,2
3682,exam,4,4,0,False,2,2
3683,documentary,11,11,0,False,4,7
3684,neutral,7,7,0,False,3,4
3685,biology,7,6,1,True,3,4
3686,flexible,8,6,2,True,3,5
3687,progressive,11,8,3,True,4,7
3688,web,3,3,0,False,1,2
3689,conspiracy,10,9,1,True,3,7
3690,casualty,8,7,1,True,3,5
3691,republic,8,8,0,False,3,5
3692,execution,9,8,1,True,5,4
3693,terrific,8,6,2,True,3,5
3694,whale,5,5,0,False,2,3
3695,functional,10,9,1,True,4,6
3696,instinct,8,5,3,True,2,6
3697,teammate,8,4,4,True,4,4
3698,aluminum,8,6,2,True,4,4
3699,whoever,7,6,1,True,3,4
3700,ministry,8,7,1,True,2,6
3701,verdict,7,7,0,False,2,5
3702,instruct,8,7,1,True,2,6
3703,skull,5,4,1,True,1,4
3704,self-esteem,11,7,2,True,4,7
3705,cooperative,11,9,2,True,6,5
3706,manipulate,10,9,1,True,5,5
3707,bee,3,2,1,True,2,1
3708,practitioner,12,9,3,True,5,7
3709,loop,4,3,1,True,2,2
3710,edit,4,4,0,False,2,2
3711,whip,4,4,0,False,1,3
3712,puzzle,6,5,1,True,2,4
3713,mushroom,8,6,2,True,3,5
3714,subsidy,7,6,1,True,2,5
3715,boil,4,4,0,False,2,2
3716,tragic,6,6,0,False,2,4
3717,mathematics,11,8,3,True,4,7
3718,mechanic,8,7,1,True,3,5
3719,jar,3,3,0,False,1,2
3720,earthquake,10,8,2,True,5,5
3721,pork,4,4,0,False,1,3
3722,creativity,10,8,2,True,4,6
3723,safely,6,6,0,False,2,4
3724,underlying,10,9,1,True,3,7
3725,dessert,7,5,2,True,2,5
3726,sympathy,8,7,1,True,1,7
3727,fisherman,9,9,0,False,3,6
3728,incredibly,10,9,1,True,3,7
3729,isolation,9,7,2,True,5,4
3730,sock,4,4,0,False,1,3
3731,eleven,6,4,1,True,3,3
3732,sexy,4,4,0,False,1,3
3733,entrepreneur,12,6,3,True,5,7
3734,syndrome,8,8,0,False,2,6
3735,bureau,6,5,1,True,4,2
3736,workplace,9,9,0,False,3,6
3737,ambition,8,7,1,True,4,4
3738,touchdown,9,8,1,True,3,6
3739,utilize,7,6,1,True,4,3
3740,breeze,6,4,1,True,3,3
3741,costly,6,6,0,False,1,5
3742,ambitious,9,8,1,True,5,4
3743,Christianity,12,9,2,True,4,8
3744,presumably,10,10,0,False,3,7
3745,influential,11,8,3,True,5,6
3746,translation,11,8,3,True,4,7
3747,uncertain,9,8,1,True,4,5
3748,dissolve,8,7,1,True,3,5
3749,statistical,11,6,4,True,4,7
3750,gut,3,3,0,False,1,2
3751,metropolitan,12,10,2,True,5,7
3752,rolling,7,6,1,True,2,5
3753,aesthetic,9,7,2,True,4,5
3754,spell,5,4,1,True,1,4
3755,insert,6,6,0,False,2,4
3756,booth,5,4,1,True,2,3
3757,helmet,6,5,1,True,2,4
3758,waist,5,5,0,False,2,3
3759,expected,8,6,1,True,3,5
3760,lion,4,4,0,False,2,2
3761,accomplishment,14,12,2,True,4,10
3762,royal,5,5,0,False,2,3
3763,panic,5,5,0,False,2,3
3764,crush,5,5,0,False,1,4
3765,actively,8,8,0,False,3,5
3766,cliff,5,4,1,True,1,4
3767,minimal,7,5,2,True,3,4
3768,cord,4,4,0,False,1,3
3769,fortunately,11,10,1,True,4,7
3770,cocaine,7,6,1,True,4,3
3771,illusion,8,6,2,True,4,4
3772,anonymous,9,7,2,True,4,5
3773,tolerate,8,6,2,True,4,4
3774,appreciation,12,9,3,True,6,6
3775,commissioner,12,8,4,True,5,7
3776,flexibility,11,8,2,True,4,7
3777,instructional,13,10,3,True,5,8
3778,scramble,8,8,0,False,2,6
3779,casino,6,6,0,False,3,3
3780,tumor,5,5,0,False,2,3
3781,decorate,8,7,1,True,4,4
3782,pulse,5,5,0,False,2,3
3783,equivalent,10,9,1,True,5,5
3784,fixed,5,5,0,False,2,3
3785,experienced,11,8,1,True,5,6
3786,donation,8,6,2,True,4,4
3787,diary,5,5,0,False,2,3
3788,sibling,7,6,1,True,2,5
3789,irony,5,5,0,False,2,3
3790,spoon,5,4,1,True,2,3
3791,midst,5,5,0,False,1,4
3792,alley,5,4,1,True,2,3
3793,interact,8,7,1,True,3,5
3794,soap,4,4,0,False,2,2
3795,cute,4,4,0,False,2,2
3796,rival,5,5,0,False,2,3
3797,short-term,10,8,2,True,2,8
3798,punch,5,5,0,False,1,4
3799,pin,3,3,0,False,1,2
3800,hockey,6,6,0,False,2,4
3801,passing,7,6,1,True,2,5
3802,persist,7,6,1,True,2,5
3803,supplier,8,7,1,True,3,5
3804,known,5,4,1,True,1,4
3805,momentum,8,6,1,True,3,5
3806,purse,5,5,0,False,2,3
3807,shed,4,4,0,False,1,3
3808,liquid,6,5,1,True,3,3
3809,icon,4,4,0,False,2,2
3810,elephant,8,7,1,True,3,5
3811,consequently,12,10,2,True,4,8
3812,legislature,11,9,2,True,5,6
3813,franchise,9,9,0,False,3,6
3814,correctly,9,7,2,True,2,7
3815,mentally,8,7,1,True,2,6
3816,foster,6,6,0,False,2,4
3817,bicycle,7,6,1,True,2,5
3818,encouraging,11,9,2,True,5,6
3819,cheat,5,5,0,False,2,3
3820,heal,4,4,0,False,2,2
3821,fever,5,4,1,True,2,3
3822,filter,6,6,0,False,2,4
3823,rabbit,6,5,1,True,2,4
3824,coin,4,4,0,False,2,2
3825,exploit,7,7,0,False,3,4
3826,accessible,10,7,3,True,4,6
3827,organism,8,8,0,False,3,5
3828,sensation,9,7,2,True,4,5
3829,partially,9,7,2,True,3,6
3830,upstairs,8,7,1,True,3,5
3831,dried,5,4,1,True,2,3
3832,conservation,12,10,2,True,5,7
3833,shove,5,5,0,False,2,3
3834,backyard,8,7,1,True,2,6
3835,charter,7,6,1,True,2,5
3836,stove,5,5,0,False,2,3
3837,consent,7,6,1,True,2,5
3838,comprise,8,8,0,False,3,5
3839,reminder,8,6,2,True,3,5
3840,alike,5,5,0,False,3,2
3841,placement,9,8,1,True,3,6
3842,dough,5,5,0,False,2,3
3843,grandchild,10,9,1,True,2,8
3844,dam,3,3,0,False,1,2
3845,reportedly,10,8,2,True,3,7
3846,well-known,10,7,3,True,2,8
3847,surrounding,11,8,3,True,4,7
3848,ecological,10,7,3,True,5,5
3849,outfit,6,5,1,True,3,3
3850,unprecedented,13,8,3,True,5,8
3851,columnist,9,9,0,False,3,6
3852,workout,7,6,1,True,3,4
3853,preliminary,11,9,2,True,4,7
3854,patent,6,5,1,True,2,4
3855,shy,3,3,0,False,0,3
3856,trash,5,5,0,False,1,4
3857,disabled,8,7,1,True,3,5
3858,gross,5,4,1,True,1,4
3859,damn,4,4,0,False,1,3
3860,hormone,7,6,1,True,3,4
3861,texture,7,5,2,True,3,4
3862,pencil,6,6,0,False,2,4
3863,frontier,8,7,1,True,3,5
3864,spray,5,5,0,False,1,4
3865,disclose,8,7,1,True,3,5
3866,custody,7,7,0,False,2,5
3867,banker,6,6,0,False,2,4
3868,beast,5,5,0,False,2,3
3869,interfere,9,6,2,True,4,5
3870,oak,3,3,0,False,2,1
3871,eighth,6,5,1,True,2,4
3872,notebook,8,6,1,True,4,4
3873,outline,7,7,0,False,4,3
3874,attendance,10,6,4,True,4,6
3875,speculation,11,11,0,False,5,6
3876,uncover,7,7,0,False,3,4
3877,behalf,6,6,0,False,2,4
3878,innovative,10,7,3,True,5,5
3879,shark,5,5,0,False,1,4
3880,mill,4,3,1,True,1,3
3881,installation,12,7,5,True,5,7
3882,stimulate,9,8,1,True,4,5
3883,tag,3,3,0,False,1,2
3884,vertical,8,8,0,False,3,5
3885,swimming,8,6,2,True,2,6
3886,fleet,5,4,1,True,2,3
3887,catalog,7,6,1,True,3,4
3888,outsider,8,8,0,False,4,4
3889,desperately,11,9,1,True,4,7
3890,stance,6,6,0,False,2,4
3891,compel,6,6,0,False,2,4
3892,sensitivity,11,7,3,True,4,7
3893,someday,7,7,0,False,3,4
3894,instant,7,5,2,True,2,5
3895,debut,5,5,0,False,2,3
3896,proclaim,8,8,0,False,3,5
3897,worldwide,9,7,2,True,3,6
3898,hike,4,4,0,False,2,2
3899,required,8,6,2,True,4,4
3900,confrontation,13,8,3,True,5,8
3901,colorful,8,6,2,True,3,5
3902,constitution,12,7,4,True,5,7
3903,trainer,7,6,1,True,3,4
3904,Thanksgiving,12,9,3,True,3,9
3905,scent,5,5,0,False,1,4
3906,stack,5,5,0,False,1,4
3907,eyebrow,7,6,1,True,3,4
3908,sack,4,4,0,False,1,3
3909,cease,5,4,1,True,3,2
3910,inherit,7,6,1,True,3,4
3911,tray,4,4,0,False,1,3
3912,pioneer,7,6,1,True,4,3
3913,organizational,14,9,4,True,7,7
3914,textbook,8,6,2,True,3,5
3915,uh,2,2,0,False,1,1
3916,nasty,5,5,0,False,1,4
3917,shrink,6,6,0,False,1,5
3918,emerging,8,6,2,True,3,5
3919,dot,3,3,0,False,1,2
3920,wheat,5,5,0,False,2,3
3921,fierce,6,5,1,True,3,3
3922,envision,8,6,2,True,4,4
3923,rational,8,7,1,True,4,4
3924,kingdom,7,7,0,False,2,5
3925,aisle,5,5,0,False,3,2
3926,weaken,6,5,1,True,3,3
3927,protocol,8,6,1,True,3,5
3928,exclusively,11,9,2,True,4,7
3929,vocal,5,5,0,False,2,3
3930,marketplace,11,9,2,True,4,7
3931,openly,6,6,0,False,2,4
3932,unfair,6,6,0,False,3,3
3933,terrain,7,6,1,True,3,4
3934,deploy,6,6,0,False,2,4
3935,risky,5,5,0,False,1,4
3936,pasta,5,4,1,True,2,3
3937,genre,5,4,1,True,2,3
3938,distract,8,7,1,True,2,6
3939,merit,5,5,0,False,2,3
3940,planner,7,6,1,True,2,5
3941,depressed,9,5,3,True,3,6
3942,chunk,5,5,0,False,1,4
3943,closest,7,6,1,True,2,5
3944,discount,8,8,0,False,3,5
3945,ladder,6,5,1,True,2,4
3946,jungle,6,6,0,False,2,4
3947,migration,9,8,1,True,4,5
3948,breathing,9,9,0,False,3,6
3949,invade,6,6,0,False,3,3
3950,hurricane,9,8,1,True,4,5
3951,retailer,8,6,2,True,4,4
3952,classify,8,7,1,True,2,6
3953,coup,4,4,0,False,2,2
3954,ambassador,10,7,2,True,4,6
3955,density,7,7,0,False,2,5
3956,supportive,10,9,1,True,4,6
3957,curiosity,9,8,1,True,4,5
3958,skip,4,4,0,False,1,3
3959,aggression,10,8,2,True,4,6
3960,stimulus,8,6,2,True,3,5
3961,journalism,10,10,0,False,4,6
3962,robot,5,4,1,True,2,3
3963,dip,3,3,0,False,1,2
3964,likewise,8,6,2,True,4,4
3965,informal,8,8,0,False,3,5
3966,Persian,7,7,0,False,3,4
3967,feather,7,6,1,True,3,4
3968,sphere,6,5,1,True,2,4
3969,tighten,7,6,1,True,2,5
3970,boast,5,5,0,False,2,3
3971,pat,3,3,0,False,1,2
3972,perceived,9,7,1,True,4,5
3973,sole,4,4,0,False,2,2
3974,publicity,9,8,1,True,3,6
3975,unfold,6,6,0,False,2,4
3976,well-being,10,8,2,True,3,7
3977,validity,8,7,1,True,3,5
3978,ecosystem,9,7,2,True,3,6
3979,strictly,8,7,1,True,1,7
3980,partial,7,6,1,True,3,4
3981,collar,6,5,1,True,2,4
3982,weed,4,3,1,True,2,2
3983,compliance,10,9,1,True,4,6
3984,streak,6,6,0,False,2,4
3985,supposedly,10,8,2,True,3,7
3986,added,5,3,1,True,2,3
3987,builder,7,7,0,False,3,4
3988,glimpse,7,7,0,False,2,5
3989,premise,7,6,1,True,3,4
3990,specialty,9,9,0,False,3,6
3991,deem,4,3,1,True,2,2
3992,artifact,8,6,2,True,3,5
3993,sneak,5,5,0,False,2,3
3994,monkey,6,6,0,False,2,4
3995,mentor,6,6,0,False,2,4
3996,two-thirds,10,9,1,True,2,8
3997,listener,8,7,1,True,3,5
3998,lightning,9,6,3,True,2,7
3999,legally,7,5,1,True,2,5
4000,sleeve,6,4,1,True,3,3
4001,disappointment,14,10,4,True,5,9
4002,disturb,7,7,0,False,2,5
4003,rib,3,3,0,False,1,2
4004,excessive,9,6,2,True,4,5
4005,high-tech,9,7,1,True,2,7
4006,debris,6,6,0,False,2,4
4007,rod,3,3,0,False,1,2
4008,logical,7,6,1,True,3,4
4009,ash,3,3,0,False,1,2
4010,socially,8,7,1,True,3,5
4011,parish,6,6,0,False,2,4
4012,slavery,7,7,0,False,2,5
4013,blank,5,5,0,False,1,4
4014,commodity,9,7,2,True,3,6
4015,cure,4,4,0,False,2,2
4016,mineral,7,7,0,False,3,4
4017,hunger,6,6,0,False,2,4
4018,dying,5,5,0,False,1,4
4019,developmental,13,10,2,True,5,8
4020,faster,6,6,0,False,2,4
4021,spare,5,5,0,False,2,3
4022,halfway,7,6,1,True,2,5
4023,equality,8,8,0,False,4,4
4024,cemetery,8,6,1,True,3,5
4025,harassment,10,8,2,True,3,7
4026,deliberately,12,9,2,True,5,7
4027,fame,4,4,0,False,2,2
4028,regret,6,4,2,True,2,4
4029,striking,8,7,1,True,2,6
4030,likelihood,10,7,3,True,5,5
4031,carrot,6,5,1,True,2,4
4032,atop,4,4,0,False,2,2
4033,toll,4,3,1,True,1,3
4034,rim,3,3,0,False,1,2
4035,embarrassed,11,7,4,True,4,7
4036,fucking,7,7,0,False,2,5
4037,cling,5,5,0,False,1,4
4038,isolated,8,8,0,False,4,4
4039,blink,5,5,0,False,1,4
4040,suspicious,10,6,3,True,5,5
4041,wheelchair,10,8,2,True,4,6
4042,squad,5,5,0,False,2,3
4043,eligible,8,5,3,True,4,4
4044,processor,9,6,3,True,3,6
4045,plunge,6,6,0,False,2,4
4046,demographic,11,11,0,False,4,7
4047,chill,5,4,1,True,1,4
4048,refuge,6,5,1,True,3,3
4049,steer,5,4,1,True,2,3
4050,legislator,10,9,1,True,4,6
4051,rally,5,4,1,True,1,4
4052,programming,11,8,3,True,3,8
4053,cheer,5,4,1,True,2,3
4054,outlet,6,5,1,True,3,3
4055,intact,6,5,1,True,2,4
4056,vendor,6,6,0,False,2,4
4057,thrive,6,6,0,False,2,4
4058,peanut,6,6,0,False,3,3
4059,chew,4,4,0,False,1,3
4060,elaborate,9,7,2,True,5,4
4061,conception,10,7,3,True,4,6
4062,auction,7,7,0,False,4,3
4063,steak,5,5,0,False,2,3
4064,comply,6,6,0,False,1,5
4065,triumph,7,7,0,False,2,5
4066,shareholder,11,8,3,True,4,7
4067,comparable,10,9,1,True,4,6
4068,transport,9,7,2,True,2,7
4069,conscience,10,6,3,True,4,6
4070,calculation,11,8,3,True,5,6
4071,considerably,12,12,0,False,4,8
4072,interval,8,8,0,False,3,5
4073,scratch,7,6,1,True,1,6
4074,awake,5,4,1,True,3,2
4075,jurisdiction,12,10,1,True,5,7
4076,inevitably,10,9,1,True,4,6
4077,feminist,8,7,1,True,3,5
4078,constraint,10,8,2,True,3,7
4079,emotionally,11,9,2,True,5,6
4080,expedition,10,8,2,True,5,5
4081,allegedly,9,6,2,True,3,6
4082,similarity,10,8,1,True,4,6
4083,butt,4,3,1,True,1,3
4084,lid,3,3,0,False,1,2
4085,dumb,4,4,0,False,1,3
4086,bulk,4,4,0,False,1,3
4087,sprinkle,8,8,0,False,2,6
4088,mortality,9,8,1,True,3,6
4089,philosophical,13,8,5,True,5,8
4090,conversion,10,8,2,True,4,6
4091,patron,6,6,0,False,2,4
4092,municipal,9,8,1,True,4,5
4093,liver,5,5,0,False,2,3
4094,harmony,7,7,0,False,2,5
4095,solely,6,5,1,True,2,4
4096,tolerance,9,8,1,True,4,5
4097,goat,4,4,0,False,2,2
4098,blessing,8,7,1,True,2,6
4099,banana,6,3,2,True,3,3
4100,palace,6,5,1,True,3,3
4101,formerly,8,7,1,True,2,6
4102,peasant,7,6,1,True,3,4
4103,neat,4,4,0,False,2,2
4104,grandparent,11,8,3,True,3,8
4105,lawmaker,8,7,1,True,3,5
4106,supermarket,11,9,2,True,4,7
4107,cruise,6,6,0,False,3,3
4108,mobile,6,6,0,False,3,3
4109,calendar,8,7,1,True,3,5
4110,widow,5,4,1,True,2,3
4111,deposit,7,7,0,False,3,4
4112,beard,5,5,0,False,2,3
4113,brake,5,5,0,False,2,3
4114,screening,9,7,2,True,3,6
4115,impulse,7,7,0,False,3,4
4116,forbid,6,6,0,False,2,4
4117,fur,3,3,0,False,1,2
4118,brutal,6,6,0,False,2,4
4119,predator,8,7,1,True,3,5
4120,poke,4,4,0,False,2,2
4121,opt,3,3,0,False,1,2
4122,voluntary,9,9,0,False,3,6
4123,valid,5,5,0,False,2,3
4124,forum,5,5,0,False,2,3
4125,dancing,7,6,1,True,2,5
4126,happily,7,6,1,True,2,5
4127,soar,4,4,0,False,2,2
4128,removal,7,7,0,False,3,4
4129,autonomy,8,7,1,True,4,4
4130,enact,5,5,0,False,2,3
4131,thread,6,6,0,False,2,4
4132,landmark,8,7,1,True,2,6
4133,unhappy,7,6,1,True,2,5
4134,offender,8,6,2,True,3,5
4135,coming,6,6,0,False,2,4
4136,privately,9,9,0,False,3,6
4137,fraction,8,8,0,False,3,5
4138,distinctive,11,8,2,True,4,7
4139,tourism,7,7,0,False,3,4
4140,threshold,9,8,1,True,2,7
4141,routinely,9,9,0,False,4,5
4142,suite,5,5,0,False,3,2
4143,regulator,9,8,1,True,4,5
4144,straw,5,5,0,False,1,4
4145,theological,11,9,2,True,5,6
4146,exhaust,7,7,0,False,3,4
4147,globe,5,5,0,False,2,3
4148,fragile,7,7,0,False,3,4
4149,objection,9,8,1,True,4,5
4150,chemistry,9,9,0,False,2,7
4151,old-fashioned,13,11,2,True,5,8
4152,crowded,7,6,1,True,2,5
4153,blast,5,5,0,False,1,4
4154,prevail,7,7,0,False,3,4
4155,overnight,9,9,0,False,3,6
4156,denial,6,6,0,False,3,3
4157,rental,6,6,0,False,2,4
4158,fantastic,9,7,2,True,3,6
4159,fragment,8,8,0,False,2,6
4160,screw,5,5,0,False,1,4
4161,warmth,6,6,0,False,1,5
4162,undergraduate,13,8,5,True,6,7
4163,headache,8,5,3,True,4,4
4164,policeman,9,9,0,False,4,5
4165,projection,10,9,1,True,4,6
4166,suitable,8,8,0,False,4,4
4167,graduation,10,9,1,True,5,5
4168,drill,5,4,1,True,1,4
4169,cruel,5,5,0,False,2,3
4170,mansion,7,6,1,True,3,4
4171,grape,5,5,0,False,2,3
4172,authorize,9,9,0,False,5,4
4173,cottage,7,6,1,True,3,4
4174,driveway,8,8,0,False,3,5
4175,charm,5,5,0,False,1,4
4176,sexuality,9,9,0,False,4,5
4177,loyal,5,4,1,True,2,3
4178,clay,4,4,0,False,1,3
4179,balloon,7,5,2,True,3,4
4180,invention,9,6,2,True,4,5
4181,ego,3,3,0,False,2,1
4182,fare,4,4,0,False,2,2
4183,homework,8,7,1,True,3,5
4184,disc,4,4,0,False,1,3
4185,sofa,4,4,0,False,2,2
4186,availability,12,7,3,True,6,6
4187,radar,5,3,2,True,2,3
4188,frown,5,5,0,False,1,4
4189,regain,6,6,0,False,3,3
4190,sweater,7,6,1,True,3,4
4191,rehabilitation,14,10,3,True,7,7
4192,rubber,6,4,2,True,2,4
4193,retreat,7,4,3,True,3,4
4194,molecule,8,6,2,True,4,4
4195,freely,6,5,1,True,2,4
4196,favorable,9,8,1,True,4,5
4197,steadily,8,8,0,False,3,5
4198,integrated,10,8,2,True,4,6
4199,ha,2,2,0,False,1,1
4200,youngster,9,9,0,False,3,6
4201,premium,7,6,1,True,3,4
4202,accountability,14,10,4,True,6,8
4203,overwhelm,9,8,1,True,3,6
4204,one-third,9,9,0,False,3,6
4205,contemplate,11,9,2,True,4,7
4206,update,6,6,0,False,3,3
4207,spark,5,5,0,False,1,4
4208,ironically,10,8,2,True,4,6
4209,fatigue,7,7,0,False,4,3
4210,speculate,9,8,1,True,4,5
4211,marker,6,5,1,True,2,4
4212,preach,6,6,0,False,2,4
4213,bucket,6,6,0,False,2,4
4214,blond,5,5,0,False,1,4
4215,confession,10,7,3,True,4,6
4216,provoke,7,6,1,True,3,4
4217,marble,6,6,0,False,2,4
4218,substantially,13,9,4,True,4,9
4219,defender,8,5,2,True,3,5
4220,explicit,8,7,1,True,3,5
4221,disturbing,10,9,1,True,3,7
4222,surveillance,12,10,2,True,5,7
4223,magnetic,8,8,0,False,3,5
4224,technician,10,7,3,True,4,6
4225,mutter,6,5,1,True,2,4
4226,devastating,11,9,2,True,4,7
4227,depart,6,6,0,False,2,4
4228,arrow,5,4,1,True,2,3
4229,trauma,6,5,1,True,3,3
4230,neighboring,11,8,3,True,4,7
4231,soak,4,4,0,False,2,2
4232,ribbon,6,5,1,True,2,4
4233,meantime,8,6,2,True,4,4
4234,transmit,8,7,1,True,2,6
4235,harvest,7,7,0,False,2,5
4236,consecutive,11,9,2,True,5,6
4237,coordinate,10,9,1,True,5,5
4238,spy,3,3,0,False,0,3
4239,slot,4,4,0,False,1,3
4240,riot,4,4,0,False,2,2
4241,nutrient,8,6,2,True,3,5
4242,citizenship,11,9,1,True,4,7
4243,severely,8,6,1,True,3,5
4244,sovereignty,11,10,1,True,4,7
4245,ridge,5,5,0,False,2,3
4246,brave,5,5,0,False,2,3
4247,lighting,8,6,2,True,2,6
4248,specify,7,7,0,False,2,5
4249,contributor,11,8,3,True,4,7
4250,frustrate,9,7,2,True,3,6
4251,articulate,10,8,2,True,5,5
4252,importantly,11,10,1,True,3,8
4253,transit,7,6,1,True,2,5
4254,dense,5,4,1,True,2,3
4255,seminar,7,7,0,False,3,4
4256,electronics,11,9,2,True,4,7
4257,sunny,5,4,1,True,1,4
4258,shorts,6,5,1,True,1,5
4259,swell,5,4,1,True,1,4
4260,accusation,10,8,2,True,5,5
4261,soften,6,6,0,False,2,4
4262,straighten,10,9,1,True,3,7
4263,terribly,8,7,1,True,2,6
4264,cue,3,3,0,False,2,1
4265,bride,5,5,0,False,2,3
4266,biography,9,9,0,False,3,6
4267,hazard,6,5,1,True,2,4
4268,compelling,10,9,1,True,3,7
4269,seldom,6,6,0,False,2,4
4270,tile,4,4,0,False,2,2
4271,economically,12,9,3,True,5,7
4272,honestly,8,8,0,False,2,6
4273,troubled,8,8,0,False,3,5
4274,twentieth,9,6,2,True,3,6
4275,balanced,8,7,1,True,3,5
4276,foreigner,9,7,2,True,4,5
4277,convenience,11,6,3,True,5,6
4278,delight,7,7,0,False,2,5
4279,weave,5,4,1,True,3,2
4280,timber,6,6,0,False,2,4
4281,till,4,3,1,True,1,3
4282,accurately,10,8,2,True,4,6
4283,plea,4,4,0,False,2,2
4284,bulb,4,3,1,True,1,3
4285,flying,6,6,0,False,1,5
4286,sustainable,11,9,2,True,5,6
4287,devil,5,5,0,False,2,3
4288,bolt,4,4,0,False,1,3
4289,cargo,5,5,0,False,2,3
4290,spine,5,5,0,False,2,3
4291,seller,6,4,2,True,2,4
4292,skilled,7,6,1,True,2,5
4293,managing,8,5,3,True,3,5
4294,marine,6,6,0,False,3,3
4295,dock,4,4,0,False,1,3
4296,organized,9,9,0,False,4,5
4297,fog,3,3,0,False,1,2
4298,diplomat,8,8,0,False,3,5
4299,boring,6,6,0,False,2,4
4300,sometime,8,6,2,True,4,4
4301,summary,7,6,1,True,2,5
4302,missionary,10,8,2,True,4,6
4303,epidemic,8,6,2,True,4,4
4304,fatal,5,4,1,True,2,3
4305,trim,4,4,0,False,1,3
4306,warehouse,9,8,1,True,5,4
4307,accelerate,10,6,3,True,5,5
4308,butterfly,9,8,1,True,2,7
4309,bronze,6,6,0,False,2,4
4310,drown,5,5,0,False,1,4
4311,inherent,8,6,2,True,3,5
4312,nationwide,10,8,2,True,5,5
4313,spit,4,4,0,False,1,3
4314,kneel,5,4,1,True,2,3
4315,vacuum,6,5,1,True,3,3
4316,selected,8,6,1,True,3,5
4317,dictate,7,6,1,True,3,4
